{"kind": "Listing", "data": {"modhash": "", "whitelist_status": "all_ads", "children": [{"kind": "t3", "data": {"domain": "retrocomputing.stackexchange.com", "approved_at_utc": null, "banned_by": null, "media_embed": {}, "subreddit": "programming", "selftext_html": null, "selftext": "", "likes": null, "suggested_sort": null, "user_reports": [], "secure_media": null, "is_reddit_media_domain": false, "saved": false, "id": "7bpaz6", "banned_at_utc": null, "view_count": null, "archived": false, "clicked": false, "report_reasons": null, "title": "The C language *almost* had the MIN (/\\) and MAX (\\/) operators, but sadly their implementation was left unfinished and they were forgotten.", "num_crossposts": 0, "link_flair_text": null, "mod_reports": [], "can_mod_post": false, "is_crosspostable": false, "pinned": false, "score": 409, "approved_by": null, "over_18": false, "hidden": false, "thumbnail": "", "subreddit_id": "t5_2fwo", "edited": false, "link_flair_css_class": null, "author_flair_css_class": null, "contest_mode": false, "gilded": 0, "downs": 0, "brand_safe": true, "secure_media_embed": {}, "removal_reason": null, "author_flair_text": null, "stickied": false, "can_gild": false, "is_self": false, "parent_whitelist_status": "all_ads", "name": "t3_7bpaz6", "spoiler": false, "permalink": "/r/programming/comments/7bpaz6/the_c_language_almost_had_the_min_and_max/", "subreddit_type": "public", "locked": false, "hide_score": false, "created": 1510212232.0, "url": "https://retrocomputing.stackexchange.com/q/4965/4025", "whitelist_status": "all_ads", "quarantine": false, "author": "leobru", "created_utc": 1510183432.0, "subreddit_name_prefixed": "r/programming", "ups": 409, "media": null, "num_comments": 120, "visited": false, "num_reports": null, "is_video": false, "distinguished": null}}, {"kind": "t3", "data": {"domain": "youtu.be", "approved_at_utc": null, "banned_by": null, "media_embed": {"content": "&lt;iframe width=\"600\" height=\"338\" src=\"https://www.youtube.com/embed/EXY78gPMvl0?start=2980&amp;feature=oembed\" frameborder=\"0\" gesture=\"media\" allowfullscreen&gt;&lt;/iframe&gt;", "width": 600, "scrolling": false, "height": 338}, "subreddit": "programming", "selftext_html": null, "selftext": "", "likes": null, "suggested_sort": null, "user_reports": [], "secure_media": {"type": "youtube.com", "oembed": {"provider_url": "https://www.youtube.com/", "title": "Reviving a computer system of 25 years ago - Wirth, 2014", "html": "&lt;iframe width=\"600\" height=\"338\" src=\"https://www.youtube.com/embed/EXY78gPMvl0?start=2980&amp;feature=oembed\" frameborder=\"0\" gesture=\"media\" allowfullscreen&gt;&lt;/iframe&gt;", "author_name": "UnlikelyAsItMaySeem", "height": 338, "width": 600, "version": "1.0", "thumbnail_width": 480, "thumbnail_height": 360, "thumbnail_url": "https://i.ytimg.com/vi/EXY78gPMvl0/hqdefault.jpg", "type": "video", "provider_name": "YouTube", "author_url": "https://www.youtube.com/user/UnlikelyAsItMaySeem"}}, "is_reddit_media_domain": false, "saved": false, "id": "7bnbbo", "banned_at_utc": null, "view_count": null, "archived": false, "clicked": false, "report_reasons": null, "title": "Niklaus Wirth - \"No backdoors and no sidedoors\" - why he thinks full control of hardware is important", "num_crossposts": 0, "link_flair_text": null, "mod_reports": [], "can_mod_post": false, "is_crosspostable": false, "pinned": false, "score": 710, "approved_by": null, "over_18": false, "hidden": false, "thumbnail": "", "subreddit_id": "t5_2fwo", "edited": false, "link_flair_css_class": null, "author_flair_css_class": null, "contest_mode": false, "gilded": 0, "downs": 0, "brand_safe": true, "secure_media_embed": {"content": "&lt;iframe width=\"600\" height=\"338\" src=\"https://www.youtube.com/embed/EXY78gPMvl0?start=2980&amp;feature=oembed\" frameborder=\"0\" gesture=\"media\" allowfullscreen&gt;&lt;/iframe&gt;", "width": 600, "scrolling": false, "media_domain_url": "https://www.redditmedia.com/mediaembed/7bnbbo", "height": 338}, "removal_reason": null, "author_flair_text": null, "stickied": false, "can_gild": false, "is_self": false, "parent_whitelist_status": "all_ads", "name": "t3_7bnbbo", "spoiler": false, "permalink": "/r/programming/comments/7bnbbo/niklaus_wirth_no_backdoors_and_no_sidedoors_why/", "subreddit_type": "public", "locked": false, "hide_score": false, "created": 1510194836.0, "url": "https://youtu.be/EXY78gPMvl0?t=2980", "whitelist_status": "all_ads", "quarantine": false, "author": "dharmatech", "created_utc": 1510166036.0, "subreddit_name_prefixed": "r/programming", "ups": 710, "media": {"type": "youtube.com", "oembed": {"provider_url": "https://www.youtube.com/", "title": "Reviving a computer system of 25 years ago - Wirth, 2014", "html": "&lt;iframe width=\"600\" height=\"338\" src=\"https://www.youtube.com/embed/EXY78gPMvl0?start=2980&amp;feature=oembed\" frameborder=\"0\" gesture=\"media\" allowfullscreen&gt;&lt;/iframe&gt;", "author_name": "UnlikelyAsItMaySeem", "height": 338, "width": 600, "version": "1.0", "thumbnail_width": 480, "thumbnail_height": 360, "thumbnail_url": "https://i.ytimg.com/vi/EXY78gPMvl0/hqdefault.jpg", "type": "video", "provider_name": "YouTube", "author_url": "https://www.youtube.com/user/UnlikelyAsItMaySeem"}}, "num_comments": 81, "visited": false, "num_reports": null, "is_video": false, "distinguished": null}}, {"kind": "t3", "data": {"domain": "code.visualstudio.com", "approved_at_utc": null, "banned_by": null, "media_embed": {}, "subreddit": "programming", "selftext_html": null, "selftext": "", "likes": null, "suggested_sort": null, "user_reports": [], "secure_media": null, "is_reddit_media_domain": false, "saved": false, "id": "7bpomf", "banned_at_utc": null, "view_count": null, "archived": false, "clicked": false, "report_reasons": null, "title": "Visual Studio Code October 2017 Update Released!", "num_crossposts": 0, "link_flair_text": null, "mod_reports": [], "can_mod_post": false, "is_crosspostable": false, "pinned": false, "score": 179, "approved_by": null, "over_18": false, "hidden": false, "thumbnail": "", "subreddit_id": "t5_2fwo", "edited": false, "link_flair_css_class": null, "author_flair_css_class": null, "contest_mode": false, "gilded": 0, "downs": 0, "brand_safe": true, "secure_media_embed": {}, "removal_reason": null, "author_flair_text": null, "stickied": false, "can_gild": false, "is_self": false, "parent_whitelist_status": "all_ads", "name": "t3_7bpomf", "spoiler": false, "permalink": "/r/programming/comments/7bpomf/visual_studio_code_october_2017_update_released/", "subreddit_type": "public", "locked": false, "hide_score": false, "created": 1510216024.0, "url": "https://code.visualstudio.com/updates/v1_18", "whitelist_status": "all_ads", "quarantine": false, "author": "valtism", "created_utc": 1510187224.0, "subreddit_name_prefixed": "r/programming", "ups": 179, "media": null, "num_comments": 31, "visited": false, "num_reports": null, "is_video": false, "distinguished": null}}, {"kind": "t3", "data": {"domain": "blog.ssdnodes.com", "approved_at_utc": null, "banned_by": null, "media_embed": {}, "subreddit": "programming", "selftext_html": null, "selftext": "", "likes": null, "suggested_sort": null, "user_reports": [], "secure_media": null, "is_reddit_media_domain": false, "saved": false, "id": "7bmc39", "banned_at_utc": null, "view_count": null, "archived": false, "clicked": false, "report_reasons": null, "title": "Using Two-Factor Authentication to Protect SSH Logins\u200b", "num_crossposts": 0, "link_flair_text": null, "mod_reports": [], "can_mod_post": false, "is_crosspostable": false, "pinned": false, "score": 214, "approved_by": null, "over_18": false, "hidden": false, "thumbnail": "", "subreddit_id": "t5_2fwo", "edited": false, "link_flair_css_class": null, "author_flair_css_class": null, "contest_mode": false, "gilded": 0, "downs": 0, "brand_safe": true, "secure_media_embed": {}, "removal_reason": null, "author_flair_text": null, "stickied": false, "can_gild": false, "is_self": false, "parent_whitelist_status": "all_ads", "name": "t3_7bmc39", "spoiler": false, "permalink": "/r/programming/comments/7bmc39/using_twofactor_authentication_to_protect_ssh/", "subreddit_type": "public", "locked": false, "hide_score": false, "created": 1510186601.0, "url": "https://blog.ssdnodes.com/blog/tutorial-using-two-factor-authentication-to-protect-ssh-logins/", "whitelist_status": "all_ads", "quarantine": false, "author": "TheCaptainP", "created_utc": 1510157801.0, "subreddit_name_prefixed": "r/programming", "ups": 214, "media": null, "num_comments": 35, "visited": false, "num_reports": null, "is_video": false, "distinguished": null}}, {"kind": "t3", "data": {"domain": "github.com", "approved_at_utc": null, "banned_by": null, "media_embed": {}, "subreddit": "programming", "selftext_html": null, "selftext": "", "likes": null, "suggested_sort": null, "user_reports": [], "secure_media": null, "is_reddit_media_domain": false, "saved": false, "id": "7bj0zx", "banned_at_utc": null, "view_count": null, "archived": false, "clicked": false, "report_reasons": null, "title": "The author of the KRACKATTACK exploit released source to allow people to test their own networks", "num_crossposts": 0, "link_flair_text": null, "mod_reports": [], "can_mod_post": false, "is_crosspostable": false, "pinned": false, "score": 1546, "approved_by": null, "over_18": false, "hidden": false, "thumbnail": "", "subreddit_id": "t5_2fwo", "edited": false, "link_flair_css_class": null, "author_flair_css_class": null, "contest_mode": false, "gilded": 0, "downs": 0, "brand_safe": true, "secure_media_embed": {}, "removal_reason": null, "author_flair_text": null, "stickied": false, "can_gild": false, "is_self": false, "parent_whitelist_status": "all_ads", "name": "t3_7bj0zx", "spoiler": false, "permalink": "/r/programming/comments/7bj0zx/the_author_of_the_krackattack_exploit_released/", "subreddit_type": "public", "locked": false, "hide_score": false, "created": 1510144582.0, "url": "https://github.com/vanhoefm/krackattacks-scripts", "whitelist_status": "all_ads", "quarantine": false, "author": "MrTeenageParker", "created_utc": 1510115782.0, "subreddit_name_prefixed": "r/programming", "ups": 1546, "media": null, "num_comments": 97, "visited": false, "num_reports": null, "is_video": false, "distinguished": null}}, {"kind": "t3", "data": {"domain": "mattwarren.org", "approved_at_utc": null, "banned_by": null, "media_embed": {}, "subreddit": "programming", "selftext_html": null, "selftext": "", "likes": null, "suggested_sort": null, "user_reports": [], "secure_media": null, "is_reddit_media_domain": false, "saved": false, "id": "7bn21r", "banned_at_utc": null, "view_count": null, "archived": false, "clicked": false, "report_reasons": null, "title": "A DoS Attack against the C# Compiler \u00b7 Performance is a Feature!", "num_crossposts": 0, "link_flair_text": null, "mod_reports": [], "can_mod_post": false, "is_crosspostable": false, "pinned": false, "score": 124, "approved_by": null, "over_18": false, "hidden": false, "thumbnail": "", "subreddit_id": "t5_2fwo", "edited": false, "link_flair_css_class": null, "author_flair_css_class": null, "contest_mode": false, "gilded": 0, "downs": 0, "brand_safe": true, "secure_media_embed": {}, "removal_reason": null, "author_flair_text": null, "stickied": false, "can_gild": false, "is_self": false, "parent_whitelist_status": "all_ads", "name": "t3_7bn21r", "spoiler": false, "permalink": "/r/programming/comments/7bn21r/a_dos_attack_against_the_c_compiler_performance/", "subreddit_type": "public", "locked": false, "hide_score": false, "created": 1510192738.0, "url": "http://mattwarren.org/2017/11/08/A-DoS-Attack-against-the-C-Compiler/", "whitelist_status": "all_ads", "quarantine": false, "author": "ben_a_adams", "created_utc": 1510163938.0, "subreddit_name_prefixed": "r/programming", "ups": 124, "media": null, "num_comments": 18, "visited": false, "num_reports": null, "is_video": false, "distinguished": null}}, {"kind": "t3", "data": {"domain": "blog.cloudflare.com", "approved_at_utc": null, "banned_by": null, "media_embed": {}, "subreddit": "programming", "selftext_html": null, "selftext": "", "likes": null, "suggested_sort": null, "user_reports": [], "secure_media": null, "is_reddit_media_domain": false, "saved": false, "id": "7bpnte", "banned_at_utc": null, "view_count": null, "archived": false, "clicked": false, "report_reasons": null, "title": "ARM Takes Wing: Qualcomm vs. Intel CPU comparison", "num_crossposts": 0, "link_flair_text": null, "mod_reports": [], "can_mod_post": false, "is_crosspostable": false, "pinned": false, "score": 41, "approved_by": null, "over_18": false, "hidden": false, "thumbnail": "", "subreddit_id": "t5_2fwo", "edited": false, "link_flair_css_class": null, "author_flair_css_class": null, "contest_mode": false, "gilded": 0, "downs": 0, "brand_safe": true, "secure_media_embed": {}, "removal_reason": null, "author_flair_text": null, "stickied": false, "can_gild": false, "is_self": false, "parent_whitelist_status": "all_ads", "name": "t3_7bpnte", "spoiler": false, "permalink": "/r/programming/comments/7bpnte/arm_takes_wing_qualcomm_vs_intel_cpu_comparison/", "subreddit_type": "public", "locked": false, "hide_score": false, "created": 1510215814.0, "url": "https://blog.cloudflare.com/arm-takes-wing/", "whitelist_status": "all_ads", "quarantine": false, "author": "johnmountain", "created_utc": 1510187014.0, "subreddit_name_prefixed": "r/programming", "ups": 41, "media": null, "num_comments": 10, "visited": false, "num_reports": null, "is_video": false, "distinguished": null}}, {"kind": "t3", "data": {"domain": "blog.kotlin-academy.com", "approved_at_utc": null, "banned_by": null, "media_embed": {}, "subreddit": "programming", "selftext_html": null, "selftext": "", "likes": null, "suggested_sort": null, "user_reports": [], "secure_media": null, "is_reddit_media_domain": false, "saved": false, "id": "7bs5cn", "banned_at_utc": null, "view_count": null, "archived": false, "clicked": false, "report_reasons": null, "title": "How type differs from class? Programmer Dictionary article: Class vs Type vs Object.", "num_crossposts": 0, "link_flair_text": null, "mod_reports": [], "can_mod_post": false, "is_crosspostable": false, "pinned": false, "score": 6, "approved_by": null, "over_18": false, "hidden": false, "thumbnail": "", "subreddit_id": "t5_2fwo", "edited": false, "link_flair_css_class": null, "author_flair_css_class": null, "contest_mode": false, "gilded": 0, "downs": 0, "brand_safe": true, "secure_media_embed": {}, "removal_reason": null, "author_flair_text": null, "stickied": false, "can_gild": false, "is_self": false, "parent_whitelist_status": "all_ads", "name": "t3_7bs5cn", "spoiler": false, "permalink": "/r/programming/comments/7bs5cn/how_type_differs_from_class_programmer_dictionary/", "subreddit_type": "public", "locked": false, "hide_score": true, "created": 1510246061.0, "url": "https://blog.kotlin-academy.com/programmer-dictionary-class-vs-type-vs-object-e6d1f74d1e2e", "whitelist_status": "all_ads", "quarantine": false, "author": "michalmichalski", "created_utc": 1510217261.0, "subreddit_name_prefixed": "r/programming", "ups": 6, "media": null, "num_comments": 1, "visited": false, "num_reports": null, "is_video": false, "distinguished": null}}, {"kind": "t3", "data": {"domain": "gojko.net", "approved_at_utc": null, "banned_by": null, "media_embed": {}, "subreddit": "programming", "selftext_html": null, "selftext": "", "likes": null, "suggested_sort": null, "user_reports": [], "secure_media": null, "is_reddit_media_domain": false, "saved": false, "id": "7bl9qi", "banned_at_utc": null, "view_count": null, "archived": false, "clicked": false, "report_reasons": null, "title": "Five things everyone should know about Unicode", "num_crossposts": 0, "link_flair_text": null, "mod_reports": [], "can_mod_post": false, "is_crosspostable": false, "pinned": false, "score": 160, "approved_by": null, "over_18": false, "hidden": false, "thumbnail": "", "subreddit_id": "t5_2fwo", "edited": false, "link_flair_css_class": null, "author_flair_css_class": null, "contest_mode": false, "gilded": 0, "downs": 0, "brand_safe": true, "secure_media_embed": {}, "removal_reason": null, "author_flair_text": null, "stickied": false, "can_gild": false, "is_self": false, "parent_whitelist_status": "all_ads", "name": "t3_7bl9qi", "spoiler": false, "permalink": "/r/programming/comments/7bl9qi/five_things_everyone_should_know_about_unicode/", "subreddit_type": "public", "locked": false, "hide_score": false, "created": 1510176191.0, "url": "https://gojko.net/2017/11/07/five-things-about-unicode.html", "whitelist_status": "all_ads", "quarantine": false, "author": "slobodan_", "created_utc": 1510147391.0, "subreddit_name_prefixed": "r/programming", "ups": 160, "media": null, "num_comments": 53, "visited": false, "num_reports": null, "is_video": false, "distinguished": null}}, {"kind": "t3", "data": {"domain": "kickstarter.com", "approved_at_utc": null, "banned_by": null, "media_embed": {"content": "&lt;iframe class=\"embedly-embed\" src=\"//cdn.embedly.com/widgets/media.html?src=https%3A%2F%2Fwww.kickstarter.com%2Fprojects%2Fshawnwildermuth%2Fhello-world-the-film%2Fwidget%2Fvideo.html&amp;url=https%3A%2F%2Fwww.kickstarter.com%2Fprojects%2Fshawnwildermuth%2Fhello-world-the-film&amp;image=https%3A%2F%2Fksr-ugc.imgix.net%2Fassets%2F018%2F069%2F592%2Fc291013edf6acdcdfe28e126e1b2284e_original.jpg%3Fcrop%3Dfaces%26w%3D560%26h%3D315%26fit%3Dcrop%26v%3D1503709514%26auto%3Dformat%26q%3D92%26s%3D8811db3a316eaec4fb7d81ee7b3ad249&amp;key=522baf40bd3911e08d854040d3dc5c07&amp;type=text%2Fhtml&amp;schema=kickstarter\" width=\"560\" height=\"420\" scrolling=\"no\" frameborder=\"0\" allowfullscreen&gt;&lt;/iframe&gt;", "width": 560, "scrolling": false, "height": 420}, "subreddit": "programming", "selftext_html": null, "selftext": "", "likes": null, "suggested_sort": null, "user_reports": [], "secure_media": {"type": "kickstarter.com", "oembed": {"provider_url": "https://www.kickstarter.com/", "description": "Shawn Wildermuth is raising funds for Hello World: The Film on Kickstarter! Code runs everywhere, but who are the people that build it? This film explores the men and women who create software.", "title": "Hello World: The Film", "thumbnail_width": 560, "height": 420, "width": 560, "html": "&lt;iframe class=\"embedly-embed\" src=\"https://cdn.embedly.com/widgets/media.html?src=https%3A%2F%2Fwww.kickstarter.com%2Fprojects%2Fshawnwildermuth%2Fhello-world-the-film%2Fwidget%2Fvideo.html&amp;url=https%3A%2F%2Fwww.kickstarter.com%2Fprojects%2Fshawnwildermuth%2Fhello-world-the-film&amp;image=https%3A%2F%2Fksr-ugc.imgix.net%2Fassets%2F018%2F069%2F592%2Fc291013edf6acdcdfe28e126e1b2284e_original.jpg%3Fcrop%3Dfaces%26w%3D560%26h%3D315%26fit%3Dcrop%26v%3D1503709514%26auto%3Dformat%26q%3D92%26s%3D8811db3a316eaec4fb7d81ee7b3ad249&amp;key=2aa3c4d5f3de4f5b9120b660ad850dc9&amp;type=text%2Fhtml&amp;schema=kickstarter\" width=\"560\" height=\"420\" scrolling=\"no\" frameborder=\"0\" allowfullscreen&gt;&lt;/iframe&gt;", "author_name": "Shawn Wildermuth", "version": "1.0", "provider_name": "Kickstarter", "thumbnail_url": "https://i.embed.ly/1/image?url=https%3A%2F%2Fksr-ugc.imgix.net%2Fassets%2F018%2F069%2F592%2Fc291013edf6acdcdfe28e126e1b2284e_original.jpg%3Fcrop%3Dfaces%26w%3D560%26h%3D315%26fit%3Dcrop%26v%3D1503709514%26auto%3Dformat%26q%3D92%26s%3D8811db3a316eaec4fb7d81ee7b3ad249&amp;key=b1e305db91cf4aa5a86b732cc9fffceb", "type": "rich", "thumbnail_height": 315, "author_url": "https://www.kickstarter.com/profile/shawnwildermuth"}}, "is_reddit_media_domain": false, "saved": false, "id": "7bs4eg", "banned_at_utc": null, "view_count": null, "archived": false, "clicked": false, "report_reasons": null, "title": "I'm Making a Movie About Software Developers - Sound Interesting? (Kickstarter Link)", "num_crossposts": 0, "link_flair_text": null, "mod_reports": [], "can_mod_post": false, "is_crosspostable": false, "pinned": false, "score": 4, "approved_by": null, "over_18": false, "hidden": false, "thumbnail": "", "subreddit_id": "t5_2fwo", "edited": false, "link_flair_css_class": null, "author_flair_css_class": null, "contest_mode": false, "gilded": 0, "downs": 0, "brand_safe": true, "secure_media_embed": {"content": "&lt;iframe class=\"embedly-embed\" src=\"https://cdn.embedly.com/widgets/media.html?src=https%3A%2F%2Fwww.kickstarter.com%2Fprojects%2Fshawnwildermuth%2Fhello-world-the-film%2Fwidget%2Fvideo.html&amp;url=https%3A%2F%2Fwww.kickstarter.com%2Fprojects%2Fshawnwildermuth%2Fhello-world-the-film&amp;image=https%3A%2F%2Fksr-ugc.imgix.net%2Fassets%2F018%2F069%2F592%2Fc291013edf6acdcdfe28e126e1b2284e_original.jpg%3Fcrop%3Dfaces%26w%3D560%26h%3D315%26fit%3Dcrop%26v%3D1503709514%26auto%3Dformat%26q%3D92%26s%3D8811db3a316eaec4fb7d81ee7b3ad249&amp;key=2aa3c4d5f3de4f5b9120b660ad850dc9&amp;type=text%2Fhtml&amp;schema=kickstarter\" width=\"560\" height=\"420\" scrolling=\"no\" frameborder=\"0\" allowfullscreen&gt;&lt;/iframe&gt;", "width": 560, "scrolling": false, "media_domain_url": "https://www.redditmedia.com/mediaembed/7bs4eg", "height": 420}, "removal_reason": null, "author_flair_text": null, "stickied": false, "can_gild": false, "is_self": false, "parent_whitelist_status": "all_ads", "name": "t3_7bs4eg", "spoiler": false, "permalink": "/r/programming/comments/7bs4eg/im_making_a_movie_about_software_developers_sound/", "subreddit_type": "public", "locked": false, "hide_score": true, "created": 1510245617.0, "url": "https://www.kickstarter.com/projects/shawnwildermuth/hello-world-the-film?ref=c1ysfh", "whitelist_status": "all_ads", "quarantine": false, "author": "shawnwildermuth", "created_utc": 1510216817.0, "subreddit_name_prefixed": "r/programming", "ups": 4, "media": {"type": "kickstarter.com", "oembed": {"provider_url": "https://www.kickstarter.com/", "description": "Shawn Wildermuth is raising funds for Hello World: The Film on Kickstarter! Code runs everywhere, but who are the people that build it? This film explores the men and women who create software.", "title": "Hello World: The Film", "thumbnail_width": 560, "height": 420, "width": 560, "html": "&lt;iframe class=\"embedly-embed\" src=\"//cdn.embedly.com/widgets/media.html?src=https%3A%2F%2Fwww.kickstarter.com%2Fprojects%2Fshawnwildermuth%2Fhello-world-the-film%2Fwidget%2Fvideo.html&amp;url=https%3A%2F%2Fwww.kickstarter.com%2Fprojects%2Fshawnwildermuth%2Fhello-world-the-film&amp;image=https%3A%2F%2Fksr-ugc.imgix.net%2Fassets%2F018%2F069%2F592%2Fc291013edf6acdcdfe28e126e1b2284e_original.jpg%3Fcrop%3Dfaces%26w%3D560%26h%3D315%26fit%3Dcrop%26v%3D1503709514%26auto%3Dformat%26q%3D92%26s%3D8811db3a316eaec4fb7d81ee7b3ad249&amp;key=522baf40bd3911e08d854040d3dc5c07&amp;type=text%2Fhtml&amp;schema=kickstarter\" width=\"560\" height=\"420\" scrolling=\"no\" frameborder=\"0\" allowfullscreen&gt;&lt;/iframe&gt;", "author_name": "Shawn Wildermuth", "version": "1.0", "provider_name": "Kickstarter", "thumbnail_url": "https://ksr-ugc.imgix.net/assets/018/069/592/c291013edf6acdcdfe28e126e1b2284e_original.jpg?crop=faces&amp;w=560&amp;h=315&amp;fit=crop&amp;v=1503709514&amp;auto=format&amp;q=92&amp;s=8811db3a316eaec4fb7d81ee7b3ad249", "type": "rich", "thumbnail_height": 315, "author_url": "https://www.kickstarter.com/profile/shawnwildermuth"}}, "num_comments": 1, "visited": false, "num_reports": null, "is_video": false, "distinguished": null}}, {"kind": "t3", "data": {"domain": "polysync.io", "approved_at_utc": null, "banned_by": null, "media_embed": {}, "subreddit": "programming", "selftext_html": null, "selftext": "", "likes": null, "suggested_sort": null, "user_reports": [], "secure_media": null, "is_reddit_media_domain": false, "saved": false, "id": "7boey6", "banned_at_utc": null, "view_count": null, "archived": false, "clicked": false, "report_reasons": null, "title": "Safety Implications of Serialization Timing in Autonomous Vehicles", "num_crossposts": 0, "link_flair_text": null, "mod_reports": [], "can_mod_post": false, "is_crosspostable": false, "pinned": false, "score": 25, "approved_by": null, "over_18": false, "hidden": false, "thumbnail": "", "subreddit_id": "t5_2fwo", "edited": false, "link_flair_css_class": null, "author_flair_css_class": null, "contest_mode": false, "gilded": 0, "downs": 0, "brand_safe": true, "secure_media_embed": {}, "removal_reason": null, "author_flair_text": null, "stickied": false, "can_gild": false, "is_self": false, "parent_whitelist_status": "all_ads", "name": "t3_7boey6", "spoiler": false, "permalink": "/r/programming/comments/7boey6/safety_implications_of_serialization_timing_in/", "subreddit_type": "public", "locked": false, "hide_score": false, "created": 1510204036.0, "url": "https://polysync.io/download/polysync-safety_and_serialization.pdf", "whitelist_status": "all_ads", "quarantine": false, "author": "1blahblahblah1", "created_utc": 1510175236.0, "subreddit_name_prefixed": "r/programming", "ups": 25, "media": null, "num_comments": 2, "visited": false, "num_reports": null, "is_video": false, "distinguished": null}}, {"kind": "t3", "data": {"domain": "distill.pub", "approved_at_utc": null, "banned_by": null, "media_embed": {}, "subreddit": "programming", "selftext_html": null, "selftext": "", "likes": null, "suggested_sort": null, "user_reports": [], "secure_media": null, "is_reddit_media_domain": false, "saved": false, "id": "7bmp52", "banned_at_utc": null, "view_count": null, "archived": false, "clicked": false, "report_reasons": null, "title": "Feature Visualization: How neural networks build up their understanding of images", "num_crossposts": 0, "link_flair_text": null, "mod_reports": [], "can_mod_post": false, "is_crosspostable": false, "pinned": false, "score": 44, "approved_by": null, "over_18": false, "hidden": false, "thumbnail": "", "subreddit_id": "t5_2fwo", "edited": false, "link_flair_css_class": null, "author_flair_css_class": null, "contest_mode": false, "gilded": 0, "downs": 0, "brand_safe": true, "secure_media_embed": {}, "removal_reason": null, "author_flair_text": null, "stickied": false, "can_gild": false, "is_self": false, "parent_whitelist_status": "all_ads", "name": "t3_7bmp52", "spoiler": false, "permalink": "/r/programming/comments/7bmp52/feature_visualization_how_neural_networks_build/", "subreddit_type": "public", "locked": false, "hide_score": false, "created": 1510189739.0, "url": "https://distill.pub/2017/feature-visualization/", "whitelist_status": "all_ads", "quarantine": false, "author": "colah", "created_utc": 1510160939.0, "subreddit_name_prefixed": "r/programming", "ups": 44, "media": null, "num_comments": 10, "visited": false, "num_reports": null, "is_video": false, "distinguished": null}}, {"kind": "t3", "data": {"domain": "dev-blog.apollodata.com", "approved_at_utc": null, "banned_by": null, "media_embed": {}, "subreddit": "programming", "selftext_html": null, "selftext": "", "likes": null, "suggested_sort": null, "user_reports": [], "secure_media": null, "is_reddit_media_domain": false, "saved": false, "id": "7br7zq", "banned_at_utc": null, "view_count": null, "archived": false, "clicked": false, "report_reasons": null, "title": "The GraphQL stack: How everything fits together \u2013 Apollo GraphQL", "num_crossposts": 0, "link_flair_text": null, "mod_reports": [], "can_mod_post": false, "is_crosspostable": false, "pinned": false, "score": 4, "approved_by": null, "over_18": false, "hidden": false, "thumbnail": "", "subreddit_id": "t5_2fwo", "edited": false, "link_flair_css_class": null, "author_flair_css_class": null, "contest_mode": false, "gilded": 0, "downs": 0, "brand_safe": true, "secure_media_embed": {}, "removal_reason": null, "author_flair_text": null, "stickied": false, "can_gild": false, "is_self": false, "parent_whitelist_status": "all_ads", "name": "t3_7br7zq", "spoiler": false, "permalink": "/r/programming/comments/7br7zq/the_graphql_stack_how_everything_fits_together/", "subreddit_type": "public", "locked": false, "hide_score": false, "created": 1510232661.0, "url": "https://dev-blog.apollodata.com/the-graphql-stack-how-everything-fits-together-35f8bf34f841", "whitelist_status": "all_ads", "quarantine": false, "author": "sidcool1234", "created_utc": 1510203861.0, "subreddit_name_prefixed": "r/programming", "ups": 4, "media": null, "num_comments": 1, "visited": false, "num_reports": null, "is_video": false, "distinguished": null}}, {"kind": "t3", "data": {"domain": "enter-haken.github.io", "approved_at_utc": null, "banned_by": null, "media_embed": {}, "subreddit": "programming", "selftext_html": null, "selftext": "", "likes": null, "suggested_sort": null, "user_reports": [], "secure_media": null, "is_reddit_media_domain": false, "saved": false, "id": "7bruby", "banned_at_utc": null, "view_count": null, "archived": false, "clicked": false, "report_reasons": null, "title": "Automatically update MIT licenses", "num_crossposts": 0, "link_flair_text": null, "mod_reports": [], "can_mod_post": false, "is_crosspostable": false, "pinned": false, "score": 2, "approved_by": null, "over_18": false, "hidden": false, "thumbnail": "", "subreddit_id": "t5_2fwo", "edited": false, "link_flair_css_class": null, "author_flair_css_class": null, "contest_mode": false, "gilded": 0, "downs": 0, "brand_safe": true, "secure_media_embed": {}, "removal_reason": null, "author_flair_text": null, "stickied": false, "can_gild": false, "is_self": false, "parent_whitelist_status": "all_ads", "name": "t3_7bruby", "spoiler": false, "permalink": "/r/programming/comments/7bruby/automatically_update_mit_licenses/", "subreddit_type": "public", "locked": false, "hide_score": false, "created": 1510241090.0, "url": "http://enter-haken.github.io/posts/2017-07-07-update-mit-license.html", "whitelist_status": "all_ads", "quarantine": false, "author": "enter_haken", "created_utc": 1510212290.0, "subreddit_name_prefixed": "r/programming", "ups": 2, "media": null, "num_comments": 1, "visited": false, "num_reports": null, "is_video": false, "distinguished": null}}, {"kind": "t3", "data": {"domain": "blog.kitware.com", "approved_at_utc": null, "banned_by": null, "media_embed": {}, "subreddit": "programming", "selftext_html": null, "selftext": "", "likes": null, "suggested_sort": null, "user_reports": [], "secure_media": null, "is_reddit_media_domain": false, "saved": false, "id": "7bluc1", "banned_at_utc": null, "view_count": null, "archived": false, "clicked": false, "report_reasons": null, "title": "We're introducing vtk.js: a FOSS toolkit for Data Viz on the Web (+live demos)", "num_crossposts": 0, "link_flair_text": null, "mod_reports": [], "can_mod_post": false, "is_crosspostable": false, "pinned": false, "score": 35, "approved_by": null, "over_18": false, "hidden": false, "thumbnail": "", "subreddit_id": "t5_2fwo", "edited": false, "link_flair_css_class": null, "author_flair_css_class": null, "contest_mode": false, "gilded": 0, "downs": 0, "brand_safe": true, "secure_media_embed": {}, "removal_reason": null, "author_flair_text": null, "stickied": false, "can_gild": false, "is_self": false, "parent_whitelist_status": "all_ads", "name": "t3_7bluc1", "spoiler": false, "permalink": "/r/programming/comments/7bluc1/were_introducing_vtkjs_a_foss_toolkit_for_data/", "subreddit_type": "public", "locked": false, "hide_score": false, "created": 1510182135.0, "url": "https://blog.kitware.com/vtk-js-the-visualization-toolkit-on-the-web/", "whitelist_status": "all_ads", "quarantine": false, "author": "agirault", "created_utc": 1510153335.0, "subreddit_name_prefixed": "r/programming", "ups": 35, "media": null, "num_comments": 4, "visited": false, "num_reports": null, "is_video": false, "distinguished": null}}, {"kind": "t3", "data": {"domain": "github.com", "approved_at_utc": null, "banned_by": null, "media_embed": {}, "subreddit": "programming", "selftext_html": null, "selftext": "", "likes": null, "suggested_sort": null, "user_reports": [], "secure_media": null, "is_reddit_media_domain": false, "saved": false, "id": "7bprv5", "banned_at_utc": null, "view_count": null, "archived": false, "clicked": false, "report_reasons": null, "title": "GitHub welcomes all CI tools", "num_crossposts": 0, "link_flair_text": null, "mod_reports": [], "can_mod_post": false, "is_crosspostable": false, "pinned": false, "score": 5, "approved_by": null, "over_18": false, "hidden": false, "thumbnail": "", "subreddit_id": "t5_2fwo", "edited": false, "link_flair_css_class": null, "author_flair_css_class": null, "contest_mode": false, "gilded": 0, "downs": 0, "brand_safe": true, "secure_media_embed": {}, "removal_reason": null, "author_flair_text": null, "stickied": false, "can_gild": false, "is_self": false, "parent_whitelist_status": "all_ads", "name": "t3_7bprv5", "spoiler": false, "permalink": "/r/programming/comments/7bprv5/github_welcomes_all_ci_tools/", "subreddit_type": "public", "locked": false, "hide_score": false, "created": 1510216895.0, "url": "https://github.com/blog/2463-github-welcomes-all-ci-tools", "whitelist_status": "all_ads", "quarantine": false, "author": "dayanruben", "created_utc": 1510188095.0, "subreddit_name_prefixed": "r/programming", "ups": 5, "media": null, "num_comments": 0, "visited": false, "num_reports": null, "is_video": false, "distinguished": null}}, {"kind": "t3", "data": {"domain": "samrat.me", "approved_at_utc": null, "banned_by": null, "media_embed": {}, "subreddit": "programming", "selftext_html": null, "selftext": "", "likes": null, "suggested_sort": null, "user_reports": [], "secure_media": null, "is_reddit_media_domain": false, "saved": false, "id": "7bo06r", "banned_at_utc": null, "view_count": null, "archived": false, "clicked": false, "report_reasons": null, "title": "Implementing a key-value store, part 2: Linear Hashing implementation in Rust", "num_crossposts": 0, "link_flair_text": null, "mod_reports": [], "can_mod_post": false, "is_crosspostable": false, "pinned": false, "score": 11, "approved_by": null, "over_18": false, "hidden": false, "thumbnail": "", "subreddit_id": "t5_2fwo", "edited": false, "link_flair_css_class": null, "author_flair_css_class": null, "contest_mode": false, "gilded": 0, "downs": 0, "brand_safe": true, "secure_media_embed": {}, "removal_reason": null, "author_flair_text": null, "stickied": false, "can_gild": false, "is_self": false, "parent_whitelist_status": "all_ads", "name": "t3_7bo06r", "spoiler": false, "permalink": "/r/programming/comments/7bo06r/implementing_a_keyvalue_store_part_2_linear/", "subreddit_type": "public", "locked": false, "hide_score": false, "created": 1510200500.0, "url": "https://samrat.me/posts/2017-11-09-kvstore-rust-hashtable/", "whitelist_status": "all_ads", "quarantine": false, "author": "rsamrat", "created_utc": 1510171700.0, "subreddit_name_prefixed": "r/programming", "ups": 11, "media": null, "num_comments": 1, "visited": false, "num_reports": null, "is_video": false, "distinguished": null}}, {"kind": "t3", "data": {"domain": "bfilipek.com", "approved_at_utc": null, "banned_by": null, "media_embed": {}, "subreddit": "programming", "selftext_html": null, "selftext": "", "likes": null, "suggested_sort": null, "user_reports": [], "secure_media": null, "is_reddit_media_domain": false, "saved": false, "id": "7bloj8", "banned_at_utc": null, "view_count": null, "archived": false, "clicked": false, "report_reasons": null, "title": "C++: Enforcing code contracts with [[nodiscard]]", "num_crossposts": 0, "link_flair_text": null, "mod_reports": [], "can_mod_post": false, "is_crosspostable": false, "pinned": false, "score": 32, "approved_by": null, "over_18": false, "hidden": false, "thumbnail": "", "subreddit_id": "t5_2fwo", "edited": false, "link_flair_css_class": null, "author_flair_css_class": null, "contest_mode": false, "gilded": 0, "downs": 0, "brand_safe": true, "secure_media_embed": {}, "removal_reason": null, "author_flair_text": null, "stickied": false, "can_gild": false, "is_self": false, "parent_whitelist_status": "all_ads", "name": "t3_7bloj8", "spoiler": false, "permalink": "/r/programming/comments/7bloj8/c_enforcing_code_contracts_with_nodiscard/", "subreddit_type": "public", "locked": false, "hide_score": false, "created": 1510180582.0, "url": "http://www.bfilipek.com/2017/11/nodiscard.html", "whitelist_status": "all_ads", "quarantine": false, "author": "joebaf", "created_utc": 1510151782.0, "subreddit_name_prefixed": "r/programming", "ups": 32, "media": null, "num_comments": 4, "visited": false, "num_reports": null, "is_video": false, "distinguished": null}}, {"kind": "t3", "data": {"domain": "medium.com", "approved_at_utc": null, "banned_by": null, "media_embed": {}, "subreddit": "programming", "selftext_html": null, "selftext": "", "likes": null, "suggested_sort": null, "user_reports": [], "secure_media": null, "is_reddit_media_domain": false, "saved": false, "id": "7bkdbo", "banned_at_utc": null, "view_count": null, "archived": false, "clicked": false, "report_reasons": null, "title": "I wrote an open letter to Andrew Tanenbaum asking him to speak up for end-user's freedom", "num_crossposts": 0, "link_flair_text": null, "mod_reports": [], "can_mod_post": false, "is_crosspostable": false, "pinned": false, "score": 60, "approved_by": null, "over_18": false, "hidden": false, "thumbnail": "", "subreddit_id": "t5_2fwo", "edited": false, "link_flair_css_class": null, "author_flair_css_class": null, "contest_mode": false, "gilded": 0, "downs": 0, "brand_safe": true, "secure_media_embed": {}, "removal_reason": null, "author_flair_text": null, "stickied": false, "can_gild": false, "is_self": false, "parent_whitelist_status": "all_ads", "name": "t3_7bkdbo", "spoiler": false, "permalink": "/r/programming/comments/7bkdbo/i_wrote_an_open_letter_to_andrew_tanenbaum_asking/", "subreddit_type": "public", "locked": false, "hide_score": false, "created": 1510163791.0, "url": "https://medium.com/@salvoadriano/an-open-letter-to-andrew-tanenbaum-883e1abe692a", "whitelist_status": "all_ads", "quarantine": false, "author": "misterolupo", "created_utc": 1510134991.0, "subreddit_name_prefixed": "r/programming", "ups": 60, "media": null, "num_comments": 69, "visited": false, "num_reports": null, "is_video": false, "distinguished": null}}, {"kind": "t3", "data": {"domain": "programmerfu.com", "approved_at_utc": null, "banned_by": null, "media_embed": {}, "subreddit": "programming", "selftext_html": null, "selftext": "", "likes": null, "suggested_sort": null, "user_reports": [], "secure_media": null, "is_reddit_media_domain": false, "saved": false, "id": "7blnyl", "banned_at_utc": null, "view_count": null, "archived": false, "clicked": false, "report_reasons": null, "title": "Insecurity: The Root of Developer Evil", "num_crossposts": 0, "link_flair_text": null, "mod_reports": [], "can_mod_post": false, "is_crosspostable": false, "pinned": false, "score": 21, "approved_by": null, "over_18": false, "hidden": false, "thumbnail": "", "subreddit_id": "t5_2fwo", "edited": false, "link_flair_css_class": null, "author_flair_css_class": null, "contest_mode": false, "gilded": 0, "downs": 0, "brand_safe": true, "secure_media_embed": {}, "removal_reason": null, "author_flair_text": null, "stickied": false, "can_gild": false, "is_self": false, "parent_whitelist_status": "all_ads", "name": "t3_7blnyl", "spoiler": false, "permalink": "/r/programming/comments/7blnyl/insecurity_the_root_of_developer_evil/", "subreddit_type": "public", "locked": false, "hide_score": false, "created": 1510180409.0, "url": "http://www.programmerfu.com/2017/11/07/insecurity-the-root-of-developer-evil.html", "whitelist_status": "all_ads", "quarantine": false, "author": "clumsy_shaver", "created_utc": 1510151609.0, "subreddit_name_prefixed": "r/programming", "ups": 21, "media": null, "num_comments": 11, "visited": false, "num_reports": null, "is_video": false, "distinguished": null}}, {"kind": "t3", "data": {"domain": "hownot2code.com", "approved_at_utc": null, "banned_by": null, "media_embed": {}, "subreddit": "programming", "selftext_html": null, "selftext": "", "likes": null, "suggested_sort": null, "user_reports": [], "secure_media": null, "is_reddit_media_domain": false, "saved": false, "id": "7broyp", "banned_at_utc": null, "view_count": null, "archived": false, "clicked": false, "report_reasons": null, "title": "Search for Bugs in Code at the Early Stage", "num_crossposts": 0, "link_flair_text": null, "mod_reports": [], "can_mod_post": false, "is_crosspostable": false, "pinned": false, "score": 0, "approved_by": null, "over_18": false, "hidden": false, "thumbnail": "", "subreddit_id": "t5_2fwo", "edited": false, "link_flair_css_class": null, "author_flair_css_class": null, "contest_mode": false, "gilded": 0, "downs": 0, "brand_safe": true, "secure_media_embed": {}, "removal_reason": null, "author_flair_text": null, "stickied": false, "can_gild": false, "is_self": false, "parent_whitelist_status": "all_ads", "name": "t3_7broyp", "spoiler": false, "permalink": "/r/programming/comments/7broyp/search_for_bugs_in_code_at_the_early_stage/", "subreddit_type": "public", "locked": false, "hide_score": false, "created": 1510238901.0, "url": "https://hownot2code.com/2017/11/08/search-for-bugs-in-code-at-the-early-stage/", "whitelist_status": "all_ads", "quarantine": false, "author": "Coder_CPP", "created_utc": 1510210101.0, "subreddit_name_prefixed": "r/programming", "ups": 0, "media": null, "num_comments": 0, "visited": false, "num_reports": null, "is_video": false, "distinguished": null}}, {"kind": "t3", "data": {"domain": "medium.com", "approved_at_utc": null, "banned_by": null, "media_embed": {}, "subreddit": "programming", "selftext_html": null, "selftext": "", "likes": null, "suggested_sort": null, "user_reports": [], "secure_media": null, "is_reddit_media_domain": false, "saved": false, "id": "7brobp", "banned_at_utc": null, "view_count": null, "archived": false, "clicked": false, "report_reasons": null, "title": "How we split the Monolith. A React and GraphQL success story.", "num_crossposts": 0, "link_flair_text": null, "mod_reports": [], "can_mod_post": false, "is_crosspostable": false, "pinned": false, "score": 1, "approved_by": null, "over_18": false, "hidden": false, "thumbnail": "", "subreddit_id": "t5_2fwo", "edited": false, "link_flair_css_class": null, "author_flair_css_class": null, "contest_mode": false, "gilded": 0, "downs": 0, "brand_safe": true, "secure_media_embed": {}, "removal_reason": null, "author_flair_text": null, "stickied": false, "can_gild": false, "is_self": false, "parent_whitelist_status": "all_ads", "name": "t3_7brobp", "spoiler": false, "permalink": "/r/programming/comments/7brobp/how_we_split_the_monolith_a_react_and_graphql/", "subreddit_type": "public", "locked": false, "hide_score": false, "created": 1510238658.0, "url": "https://medium.com/@vincenzo_ampolo/how-we-split-the-monolith-a-react-and-graphql-success-story-82f2e21613e1", "whitelist_status": "all_ads", "quarantine": false, "author": "vincenzoampolo", "created_utc": 1510209858.0, "subreddit_name_prefixed": "r/programming", "ups": 1, "media": null, "num_comments": 1, "visited": false, "num_reports": null, "is_video": false, "distinguished": null}}, {"kind": "t3", "data": {"domain": "swdevmastery.com", "approved_at_utc": null, "banned_by": null, "media_embed": {}, "subreddit": "programming", "selftext_html": null, "selftext": "", "likes": null, "suggested_sort": null, "user_reports": [], "secure_media": null, "is_reddit_media_domain": false, "saved": false, "id": "7bp0yy", "banned_at_utc": null, "view_count": null, "archived": false, "clicked": false, "report_reasons": null, "title": "Don\u2019t use C++ auto? Restricting auto is not the best decision for your company, and it is unfair to your developers. Instead, train them on how to use it.", "num_crossposts": 0, "link_flair_text": null, "mod_reports": [], "can_mod_post": false, "is_crosspostable": false, "pinned": false, "score": 3, "approved_by": null, "over_18": false, "hidden": false, "thumbnail": "", "subreddit_id": "t5_2fwo", "edited": false, "link_flair_css_class": null, "author_flair_css_class": null, "contest_mode": false, "gilded": 0, "downs": 0, "brand_safe": true, "secure_media_embed": {}, "removal_reason": null, "author_flair_text": null, "stickied": false, "can_gild": false, "is_self": false, "parent_whitelist_status": "all_ads", "name": "t3_7bp0yy", "spoiler": false, "permalink": "/r/programming/comments/7bp0yy/dont_use_c_auto_restricting_auto_is_not_the_best/", "subreddit_type": "public", "locked": false, "hide_score": false, "created": 1510209593.0, "url": "http://swdevmastery.com/dont-use-c-auto-restricting-auto-is-not-the-best-decision-for-your-company-and-it-is-unfair-to-your-developers-instead-train-them-on-how-to-use-it/", "whitelist_status": "all_ads", "quarantine": false, "author": "luisfguzman", "created_utc": 1510180793.0, "subreddit_name_prefixed": "r/programming", "ups": 3, "media": null, "num_comments": 15, "visited": false, "num_reports": null, "is_video": false, "distinguished": null}}, {"kind": "t3", "data": {"domain": "sqlite.org", "approved_at_utc": null, "banned_by": null, "media_embed": {}, "subreddit": "programming", "selftext_html": null, "selftext": "", "likes": null, "suggested_sort": null, "user_reports": [], "secure_media": null, "is_reddit_media_domain": false, "saved": false, "id": "7bh7ur", "banned_at_utc": null, "view_count": null, "archived": false, "clicked": false, "report_reasons": null, "title": "Work on SQLite4 has concluded, lest there be any doubt.", "num_crossposts": 0, "link_flair_text": null, "mod_reports": [], "can_mod_post": false, "is_crosspostable": false, "pinned": false, "score": 282, "approved_by": null, "over_18": false, "hidden": false, "thumbnail": "", "subreddit_id": "t5_2fwo", "edited": false, "link_flair_css_class": null, "author_flair_css_class": null, "contest_mode": false, "gilded": 0, "downs": 0, "brand_safe": true, "secure_media_embed": {}, "removal_reason": null, "author_flair_text": null, "stickied": false, "can_gild": false, "is_self": false, "parent_whitelist_status": "all_ads", "name": "t3_7bh7ur", "spoiler": false, "permalink": "/r/programming/comments/7bh7ur/work_on_sqlite4_has_concluded_lest_there_be_any/", "subreddit_type": "public", "locked": false, "hide_score": false, "created": 1510126296.0, "url": "https://sqlite.org/src4/info/c0b7f14c0976ed5e", "whitelist_status": "all_ads", "quarantine": false, "author": "grepnork", "created_utc": 1510097496.0, "subreddit_name_prefixed": "r/programming", "ups": 282, "media": null, "num_comments": 119, "visited": false, "num_reports": null, "is_video": false, "distinguished": null}}, {"kind": "t3", "data": {"domain": "benhoyt.com", "approved_at_utc": null, "banned_by": null, "media_embed": {}, "subreddit": "programming", "selftext_html": null, "selftext": "", "likes": null, "suggested_sort": null, "user_reports": [], "secure_media": null, "is_reddit_media_domain": false, "saved": false, "id": "7blaey", "banned_at_utc": null, "view_count": null, "archived": false, "clicked": false, "report_reasons": null, "title": "Learning Go by porting a medium-sized web backend from Python", "num_crossposts": 0, "link_flair_text": null, "mod_reports": [], "can_mod_post": false, "is_crosspostable": false, "pinned": false, "score": 18, "approved_by": null, "over_18": false, "hidden": false, "thumbnail": "", "subreddit_id": "t5_2fwo", "edited": false, "link_flair_css_class": null, "author_flair_css_class": null, "contest_mode": false, "gilded": 0, "downs": 0, "brand_safe": true, "secure_media_embed": {}, "removal_reason": null, "author_flair_text": null, "stickied": false, "can_gild": false, "is_self": false, "parent_whitelist_status": "all_ads", "name": "t3_7blaey", "spoiler": false, "permalink": "/r/programming/comments/7blaey/learning_go_by_porting_a_mediumsized_web_backend/", "subreddit_type": "public", "locked": false, "hide_score": false, "created": 1510176411.0, "url": "http://benhoyt.com/writings/learning-go/", "whitelist_status": "all_ads", "quarantine": false, "author": "benhoyt", "created_utc": 1510147611.0, "subreddit_name_prefixed": "r/programming", "ups": 18, "media": null, "num_comments": 30, "visited": false, "num_reports": null, "is_video": false, "distinguished": null}}], "after": "t3_7blaey", "before": null}}