{
    "error": 0,
    "data": {
        "id": "673",
        "listeners": "61",
        "r64_id": "984",
        "website": "",
        "my_vote": null,
        "live": 0,
        "sid_path": "MUSICIANS/G/Galway_Martin/Game_Over.sid",
        "next_poll": 157,
        "next_song_expected": 157,
        "title": "Game Over V.2",
        "next_song": {
            "title": "Death wish 3",
            "filename": "M:\\Mp3\\c64\\rko\\Kent 'Trace' Walld\u00e9n - Death wish 3.mp3",
            "album": "",
            "live": 0,
            "artist": "Kent 'Trace' Walld\u00e9n"
        },
        "date_played": 1504886045,
        "next_song_date": 1504886655,
        "filename": "c64\\rko\\Kenz - Game Over V.2.mp3",
        "duration": 305,
        "vote_percent": "89.4161",
        "album": "",
        "requestedBy": "",
        "num_votes": "137",
        "requestID": "0",
        "artist": "Kenz",
        "albumyear": "2001",
        "picture": "",
        "r64_vote": "5"
    },
    "message": ""
}