{
    "data": {
        "next_song": {
            "title": "Beroot Olejuuri (Minimal Washburn mix preview)",
            "album": "",
            "artist": "Eric Delos",
            "live": 0,
            "filename": "M:\\Mp3\\c64\\rko\\Eric Delos - Beroot Olejuuri (Minimal Washburn mix preview).mp3"
        },
        "artist": "d0d0",
        "duration": 284,
        "title": "Wizball (Catelite Lives)",
        "vote_percent": "91.4583",
        "website": "",
        "date_played": 1504880771,
        "live": 0,
        "sid_path": null,
        "r64_id": null,
        "next_song_date": 1504881339,
        "requestID": "0",
        "r64_vote": null,
        "requestedBy": "",
        "filename": "c64\\rko\\d0d0 - Wizball (Catelite Lives).mp3",
        "id": "225",
        "next_poll": 142,
        "my_vote": null,
        "num_votes": "120",
        "listeners": "78",
        "next_song_expected": 142,
        "picture": "",
        "album": "",
        "albumyear": "2001"
    },
    "message": "",
    "error": 0
}