{
    "error": 0,
    "data": {
        "artist": "CZ Tunes",
        "website": "",
        "duration": 224,
        "next_song_date": 1504901216,
        "live": 0,
        "sid_path": "MUSICIANS/B/Bayliss_Richard/Gold_Quest_4.sid",
        "requestID": "0",
        "vote_percent": "92.1875",
        "num_votes": "112",
        "listeners": "67",
        "requestedBy": "",
        "filename": "c64\\rko\\CZ Tunes - Gold Quest IV.mp3",
        "album": "",
        "my_vote": null,
        "r64_vote": "5",
        "next_poll": 39,
        "title": "Gold Quest IV",
        "date_played": 1504900768,
        "id": "3610",
        "albumyear": "2009",
        "picture": "",
        "next_song_expected": 39,
        "next_song": {
            "artist": "moog (Sebastian Bachli\u00f1ski)",
            "filename": "M:\\Mp3\\c64\\rko\\moog (Sebastian Bachlinski) - Supremacy.mp3",
            "album": "",
            "live": 0,
            "title": "Supremacy"
        },
        "r64_id": "4143"
    },
    "message": ""
}