{
    "message": "",
    "data": {
        "albumyear": "1996",
        "r64_id": "405",
        "my_vote": null,
        "requestedBy": "",
        "title": "IronLord",
        "date_played": 1504886487,
        "picture": "",
        "next_song_expected": 60,
        "next_poll": 60,
        "next_song_date": 1504886739,
        "id": "1103",
        "artist": "Red Devil",
        "vote_percent": "90.4255",
        "listeners": "61",
        "live": 0,
        "r64_vote": "4",
        "album": "",
        "requestID": "0",
        "website": "",
        "sid_path": "MUSICIANS/T/Tel_Jeroen/Iron_Lord.sid",
        "duration": 126,
        "num_votes": "47",
        "filename": "c64\\rko\\Red Devil - IronLord.mp3",
        "next_song": {
            "live": 0,
            "artist": "Alistair 'Boz' Bowness",
            "album": "",
            "filename": "M:\\Mp3\\c64\\non-RKO\\Boz_-_Chimera_Subtune_2.mp3",
            "title": "Chimera (subtune 2)"
        }
    },
    "error": 0
}