{
    "error": 0,
    "message": "",
    "data": {
        "listeners": "55",
        "r64_vote": "5",
        "albumyear": "2005",
        "album": "",
        "live": 0,
        "next_poll": 15,
        "id": "2024",
        "date_played": 1504911968,
        "sid_path": "MUSICIANS/F/Future_Freak/Chopper.sid",
        "duration": 174,
        "next_song": {
            "live": 0,
            "artist": "N-Joy of The Soundwavers",
            "title": "Stormlord - Seneca's Marble Pack (feat. Simona)",
            "album": "",
            "filename": "M:\\Mp3\\c64\\rko\\N-Joy of TSW featuring Simona - Stormlord (Senecas Marble Pack Edit).mp3"
        },
        "vote_percent": "94.8795",
        "next_song_date": 1504912316,
        "artist": "Dees",
        "next_song_expected": -31,
        "picture": "",
        "my_vote": null,
        "r64_id": "2568",
        "num_votes": "83",
        "requestedBy": "",
        "title": "Chopper (Arctic Circle Remix)",
        "filename": "c64\\rko\\DeeS - Chopper (Arctic Circle Remix).mp3",
        "requestID": "0",
        "website": ""
    }
}