{
    "error": 0,
    "data": {
        "num_votes": "46",
        "requestID": "0",
        "listeners": "70",
        "albumyear": "2013",
        "duration": 222,
        "vote_percent": "96.7391",
        "requestedBy": "",
        "next_poll": 114,
        "website": "",
        "artist": "Johan Andersson",
        "date_played": 1504883205,
        "album": "",
        "live": 0,
        "r64_id": "5150",
        "next_song_date": 1504883649,
        "filename": "c64\\rko\\Johan Andersson - Yie Ar Kung Fu II.mp3",
        "next_song_expected": 114,
        "title": "Yie Ar Kung Fu II",
        "id": "4551",
        "r64_vote": "5",
        "my_vote": null,
        "picture": "",
        "sid_path": "MUSICIANS/G/Galway_Martin/Yie_Ar_Kung_Fu_II.sid",
        "next_song": {
            "live": 0,
            "artist": "Jogeir Liljedahl",
            "title": "Terra Cresta",
            "filename": "M:\\Mp3\\c64\\Albums\\Various Artists - Back in Time II\\06. Jogeir Liljedahl - Terra Cresta.mp3",
            "album": "Back in Time II"
        }
    },
    "message": ""
}