{
    "error": 0,
    "data": {
        "album": "",
        "next_song_date": 1504906558,
        "duration": 270,
        "picture": "",
        "r64_vote": "5",
        "id": "3310",
        "website": "",
        "num_votes": "220",
        "requestID": "0",
        "albumyear": "2008",
        "next_poll": 115,
        "listeners": "63",
        "requestedBy": "",
        "filename": "c64\\rko\\Slaygon - Boredom (livingroom edit).mp3",
        "sid_path": "MUSICIANS/A/Audial_Arts/Pasch_Ronny/Boredom.sid",
        "live": 0,
        "next_song": {
            "artist": "omoroca",
            "album": "",
            "live": 0,
            "filename": "M:\\Mp3\\c64\\rko\\omoroca - Stationary Ark (Piano Version).mp3",
            "title": "Stationary Ark (Piano Version)"
        },
        "title": "Boredom (livingroom edit)",
        "r64_id": "3870",
        "my_vote": null,
        "vote_percent": "95.1136",
        "next_song_expected": 115,
        "artist": "Slaygon",
        "date_played": 1504906018
    },
    "message": ""
}