{
    "data": {
        "duration": 216,
        "next_song_date": 1504916527,
        "live": 0,
        "artist": "Thomas Detert",
        "next_song": {
            "artist": "Hazel",
            "filename": "M:\\Mp3\\c64\\rko\\Hazel - Remark.mp3",
            "album": "",
            "live": 0,
            "title": "Remark"
        },
        "picture": "",
        "website": "",
        "r64_id": "936",
        "requestedBy": "",
        "sid_path": "MUSICIANS/D/Detert_Thomas/Another_World.sid",
        "listeners": "48",
        "my_vote": null,
        "title": "Another World",
        "r64_vote": "5",
        "date_played": 1504916095,
        "next_poll": 58,
        "album": "",
        "id": "1356",
        "vote_percent": "95.5285",
        "next_song_expected": 58,
        "filename": "c64\\rko\\Thomas Detert - Another World.mp3",
        "albumyear": "1992",
        "requestID": "0",
        "num_votes": "123"
    },
    "message": "",
    "error": 0
}