{
    "error": 0,
    "message": "",
    "data": {
        "filename": "c64\\rko\\Nicklas Schmidt - Bump Set Spike (Schizo Classical Remix).mp3",
        "live": 0,
        "picture": "",
        "num_votes": "61",
        "requestID": "0",
        "next_song_expected": 39,
        "next_song_date": 1504885432,
        "next_poll": 39,
        "requestedBy": "",
        "listeners": "66",
        "duration": 220,
        "r64_vote": "6",
        "artist": "Nicklas Schmidt",
        "date_played": 1504884992,
        "albumyear": "2013",
        "my_vote": null,
        "sid_path": "MUSICIANS/H/Hubbard_Rob/Bump_Set_Spike.sid",
        "album": "",
        "next_song": {
            "filename": "M:\\Mp3\\c64\\rko\\Slumgud of Depth - Smilng Reggae (Gangstars In The Jungle Mix).mp3",
            "title": "Smiling Reggae (Gangstars In The Jungle Mix)",
            "live": 0,
            "album": "",
            "artist": "Slumgud of Depth"
        },
        "id": "4448",
        "title": "Bump Set Spike (Schizo Classical Remix)",
        "website": "",
        "vote_percent": "95.0820",
        "r64_id": "5046"
    }
}