{
    "error": 0,
    "data": {
        "album": "",
        "date_played": 1504924938,
        "id": "4142",
        "website": "",
        "requestedBy": "",
        "r64_id": "4718",
        "num_votes": "97",
        "artist": "vurtX",
        "picture": "",
        "duration": 240,
        "vote_percent": "92.0103",
        "my_vote": null,
        "live": 0,
        "next_song_expected": 165,
        "title": "Terra Cognita (Into The Storm)",
        "sid_path": "MUSICIANS/W/Whittaker_David/Terra_Cognita.sid",
        "r64_vote": "5",
        "requestID": "0",
        "next_song": {
            "album": "",
            "filename": "M:\\Mp3\\c64\\rko\\Amok - Dulcedo Cogitationis (Nightmare-Mix).mp3",
            "artist": "Amok",
            "title": "Dulcedo Cogitationis (Nightmare-Mix)",
            "live": 0
        },
        "albumyear": "2011",
        "filename": "c64\\rko\\vurtX - Terra Cognita (Into The Storm).mp3",
        "next_song_date": 1504925418,
        "listeners": "37",
        "next_poll": 165
    },
    "message": ""
}