{
    "error": 0,
    "message": "",
    "data": {
        "vote_percent": "85.1240",
        "next_song_expected": 96,
        "album": "",
        "next_poll": 96,
        "duration": 166,
        "r64_vote": "4",
        "r64_id": "2321",
        "filename": "c64\\rko\\are be - Kung Fu Master (The Beatrix Mix).mp3",
        "my_vote": null,
        "sid_path": "GAMES/G-L/Kung-Fu_Master.sid",
        "title": "Kung Fu Master (The Beatrix Mix)",
        "next_song_date": 1504889155,
        "id": "1930",
        "picture": "",
        "num_votes": "121",
        "website": "",
        "listeners": "65",
        "next_song": {
            "title": "Corporations",
            "live": 0,
            "filename": "M:\\Mp3\\c64\\Albums\\Makke - It's Binary, Baby!\\12 - Corporations.mp3",
            "artist": "Makke",
            "album": "It's Binary, Baby!"
        },
        "requestedBy": "",
        "live": 0,
        "date_played": 1504888823,
        "artist": "are be",
        "requestID": "0",
        "albumyear": "2004"
    }
}