{
    "error": 0,
    "message": "",
    "data": {
        "my_vote": null,
        "r64_id": "3399",
        "duration": 312,
        "picture": "",
        "artist": "TmX",
        "r64_vote": "5",
        "title": "Last Ninja Inner Sanctum - Death Before Dishonour",
        "vote_percent": "91.9231",
        "next_song": {
            "title": "Toytone Tribe (childhood memories rmx)",
            "album": "",
            "artist": "Dafunk",
            "filename": "M:\\Mp3\\c64\\rko\\Dafunk - Toytone Tribe (childhood memories rmx).mp3",
            "live": 0
        },
        "albumyear": "2007",
        "num_votes": "130",
        "album": "",
        "sid_path": "MUSICIANS/D/Daglish_Ben/Last_Ninja.sid",
        "requestID": "0",
        "id": "2909",
        "next_song_date": 1504904934,
        "requestedBy": "",
        "next_poll": 69,
        "website": "",
        "filename": "c64\\rko\\TmX - Last Ninja Inner Sanctum - Death Before Dishonour.mp3",
        "live": 0,
        "listeners": "67",
        "next_song_expected": 69,
        "date_played": 1504904310
    }
}