{
    "data": {
        "website": "",
        "album": "",
        "id": "3180",
        "r64_id": "2439",
        "filename": "c64\\rko\\X-formZ - The evil trolls from the dark forest.mp3",
        "requestID": "462425",
        "r64_vote": "5",
        "date_played": 1504893659,
        "live": 0,
        "next_song_date": 1504894037,
        "duration": 189,
        "picture": "",
        "requestedBy": "raw",
        "next_song": {
            "album": "",
            "filename": "M:\\Mp3\\c64\\rko\\Aki Jarvinen - Nemesis The Warlock (Metal remake).mp3",
            "artist": "Aki J\u00e4rvinen",
            "live": 0,
            "title": "Nemesis The Warlock (Metal remake)"
        },
        "next_song_expected": -25,
        "listeners": "76",
        "title": "Trolls (Evil trolls from the dark forest)",
        "next_poll": 15,
        "my_vote": null,
        "artist": "X-formZ",
        "sid_path": "MUSICIANS/G/Gilmore_Adam/Trolls.sid",
        "vote_percent": "98.0349",
        "albumyear": "2004",
        "num_votes": "229"
    },
    "message": "",
    "error": 0
}