{
    "data": {
        "vote_percent": "92.7083",
        "my_vote": null,
        "next_song": {
            "live": 0,
            "album": "",
            "artist": "Colmarr",
            "filename": "M:\\Mp3\\c64\\rko\\Colmarr - Batman The Movie (Cathedral Remix).mp3",
            "title": "Batman The Movie (Cathedral Remix)"
        },
        "requestID": "0",
        "requestedBy": "",
        "sid_path": "MUSICIANS/G/Galway_Martin/Rolands_Ratrace.sid",
        "website": "",
        "album": "",
        "id": "434",
        "picture": "",
        "r64_id": "765",
        "filename": "c64\\rko\\FTC - Rolands Ratrace - Tune 4.mp3",
        "title": "Rolands Ratrace - Tune 4",
        "duration": 126,
        "artist": "FTC",
        "date_played": 1504909660,
        "next_song_expected": 13,
        "live": 0,
        "r64_vote": "4",
        "num_votes": "24",
        "next_poll": 15,
        "listeners": "61",
        "albumyear": "2001",
        "next_song_date": 1504909912
    },
    "message": "",
    "error": 0
}