{
    "error": 0,
    "message": "",
    "data": {
        "vote_percent": "94.9115",
        "next_poll": 142,
        "artist": "A.Zhukoff",
        "num_votes": "226",
        "requestedBy": "",
        "website": "",
        "album": "",
        "title": "ThunderCats",
        "duration": 285,
        "next_song": {
            "title": "Detergent",
            "live": 0,
            "filename": "M:\\Mp3\\c64\\rko\\Alastair 'Boz' Bowness - Detergent.mp3",
            "album": "",
            "artist": "Alistair 'Boz' Bowness"
        },
        "date_played": 1504905430,
        "r64_vote": "5",
        "id": "4306",
        "r64_id": "4870",
        "next_song_date": 1504906000,
        "my_vote": null,
        "picture": "",
        "listeners": "60",
        "filename": "c64\\rko\\A.Zhukoff - ThunderCats.mp3",
        "albumyear": "2012",
        "live": 0,
        "sid_path": "MUSICIANS/H/Hubbard_Rob/Thundercats.sid",
        "requestID": "0",
        "next_song_expected": 142
    }
}