{
    "error": 0,
    "message": "",
    "data": {
        "picture": "",
        "artist": "Mitch van Hayden",
        "next_song_date": 1504920662,
        "listeners": "43",
        "next_poll": 59,
        "sid_path": "MUSICIANS/T/Tel_Jeroen/Dying_High.sid",
        "r64_vote": "5",
        "duration": 270,
        "next_song": {
            "title": "Bomb Jack (Summer Radio Edit)",
            "album": "",
            "artist": "Andr\u00e9 M\u00fcller (Crefelder)",
            "filename": "M:\\Mp3\\c64\\rko\\Andre Muller (Crefelder) - Bomb Jack (Summer Radio Edit).mp3",
            "live": 0
        },
        "date_played": 1504920122,
        "title": "Dying High (in a classical way)",
        "requestID": "0",
        "my_vote": null,
        "num_votes": "161",
        "website": "",
        "album": "",
        "vote_percent": "94.4099",
        "id": "3611",
        "filename": "c64\\rko\\Mitch van Hayden - Dying High (in a classical way).mp3",
        "albumyear": "2009",
        "r64_id": "4144",
        "next_song_expected": 59,
        "requestedBy": "",
        "live": 0
    }
}