{
    "error": 0,
    "data": {
        "requestedBy": "",
        "date_played": 1504927707,
        "duration": 186,
        "picture": "",
        "my_vote": null,
        "website": "",
        "num_votes": "216",
        "r64_id": "242",
        "title": "MindControl - part 1",
        "id": "946",
        "filename": "c64\\rko\\Paradroid - MindControl - part 1.mp3",
        "next_song_date": 1504928079,
        "sid_path": "MUSICIANS/T/Trident/A_Short_One.sid",
        "requestID": "0",
        "live": 0,
        "next_poll": 15,
        "artist": "Paradroid",
        "listeners": "39",
        "r64_vote": "5",
        "album": "",
        "next_song_expected": -60,
        "vote_percent": "97.2222",
        "next_song": {
            "artist": "Hazel",
            "live": 0,
            "album": "",
            "title": "Savage (A Kingdom Will Fall)",
            "filename": "M:\\Mp3\\c64\\rko\\Hazel - Savage (A Kingdom Will Fall).mp3"
        },
        "albumyear": "2000"
    },
    "message": ""
}