{
    "data": {
        "next_song_date": 1504926429,
        "artist": "Xilukarim",
        "num_votes": "33",
        "next_song": {
            "album": "",
            "live": 0,
            "artist": "Martin Dodd",
            "filename": "M:\\Mp3\\c64\\rko\\Martin Dodd - Amaurote (Ready For Action 2010 remix).mp3",
            "title": "Amaurote (Ready For Action 2010 remix)"
        },
        "duration": 365,
        "date_played": 1504925699,
        "id": "4702",
        "title": "Sanxion (straightforward remix)",
        "requestID": "0",
        "r64_id": "5327",
        "picture": "",
        "vote_percent": "96.3235",
        "albumyear": "2014",
        "next_song_expected": 331,
        "filename": "c64\\rko\\Xilukarim - Sanxion (straightforward remix).mp3",
        "r64_vote": "4",
        "listeners": "39",
        "my_vote": null,
        "next_poll": 331,
        "requestedBy": "",
        "sid_path": "MUSICIANS/H/Hubbard_Rob/Sanxion.sid",
        "album": "",
        "live": 0,
        "website": ""
    },
    "error": 0,
    "message": ""
}