{
    "data": {
        "album": "",
        "picture": "",
        "artist": "Paradroid",
        "r64_id": "242",
        "date_played": 1504927707,
        "next_song_date": 1504928079,
        "listeners": "39",
        "website": "",
        "filename": "c64\\rko\\Paradroid - MindControl - part 1.mp3",
        "next_song": {
            "live": 0,
            "album": "",
            "filename": "M:\\Mp3\\c64\\rko\\David Filskov - Thrust remix.mp3",
            "title": "Thrust remix",
            "artist": "David Filskov"
        },
        "vote_percent": "97.2222",
        "my_vote": null,
        "next_song_expected": 60,
        "num_votes": "216",
        "requestID": "0",
        "requestedBy": "",
        "title": "MindControl - part 1",
        "r64_vote": "5",
        "id": "946",
        "next_poll": 60,
        "duration": 186,
        "sid_path": "MUSICIANS/T/Trident/A_Short_One.sid",
        "live": 0,
        "albumyear": "2000"
    },
    "message": "",
    "error": 0
}