{
    "data": {
        "vote_percent": "93.7063",
        "picture": "",
        "live": 0,
        "requestedBy": "",
        "num_votes": "143",
        "next_song": {
            "artist": "KirikuGo",
            "album": "",
            "filename": "M:\\Mp3\\c64\\rko\\KirikuGo - Plastic Pop (Plastic Fantastic Mix).mp3",
            "title": "Plastic Pop (Plastic Fantastic Mix)",
            "live": 0
        },
        "date_played": 1504919706,
        "my_vote": null,
        "sid_path": "MUSICIANS/G/Galway_Martin/Arkanoid.sid",
        "next_poll": 80,
        "r64_vote": "5",
        "albumyear": "2006",
        "website": "",
        "duration": 227,
        "filename": "c64\\rko\\Obscuresounds - Arkanoid (nostalgique remake).mp3",
        "requestID": "0",
        "next_song_date": 1504920160,
        "id": "2781",
        "r64_id": "3279",
        "artist": "Obscuresounds",
        "album": "",
        "listeners": "42",
        "title": "Arkanoid (nostalgique remake)",
        "next_song_expected": 80
    },
    "message": "",
    "error": 0
}