{
    "error": 0,
    "message": "",
    "data": {
        "num_votes": "34",
        "requestedBy": "",
        "album": "Remix64 - Into Eternity",
        "title": "Butcher Hill (Ben Daglish)",
        "listeners": "49",
        "artist": "Markus Schneider",
        "r64_id": null,
        "next_song": {
            "album": "Galway [Remixed]",
            "title": "Parallax [ingame]",
            "filename": "M:\\Mp3\\c64\\Albums\\Reyn Ouwehand - Galway Remixed\\07 - Parallax [ingame].mp3",
            "live": 0,
            "artist": "Reyn Ouwehand"
        },
        "id": "2306",
        "duration": 269,
        "next_poll": 199,
        "picture": "Remix64_-_Into_Eternity.jpg",
        "website": "http://www.c64audio.com/productInfo.php?cat=R64IE",
        "next_song_expected": 199,
        "filename": "c64\\Albums\\Various Artists - Remix64 - Into Eternity\\10-markus_schneider-butcher_hill_(ben_daglish)-byter.mp3",
        "r64_vote": null,
        "requestID": "0",
        "date_played": 1504915043,
        "next_song_date": 1504915581,
        "my_vote": null,
        "live": 0,
        "albumyear": "2003",
        "vote_percent": "94.8529",
        "sid_path": null
    }
}