{
    "error": 0,
    "message": "",
    "data": {
        "albumyear": "1988",
        "website": "",
        "artist": "sYmBoLs",
        "live": 0,
        "listeners": "65",
        "next_song": {
            "album": "",
            "artist": "Dafunk",
            "filename": "M:\\Mp3\\c64\\rko\\Dafunk - Clarence (short rmx).mp3",
            "live": 0,
            "title": "Clarence (short rmx)"
        },
        "date_played": 1504898986,
        "next_poll": 60,
        "album": "",
        "title": "Last Ninja 2 - The office (in game)",
        "requestID": "0",
        "filename": "c64\\rko\\sYmBoLs - Last Ninja 2 - The office (in game).mp3",
        "r64_id": "3774",
        "requestedBy": "",
        "my_vote": null,
        "duration": 287,
        "sid_path": "MUSICIANS/G/Gray_Matt/Last_Ninja_2.sid",
        "r64_vote": "4",
        "id": "3221",
        "num_votes": "121",
        "picture": "",
        "next_song_date": 1504899560,
        "vote_percent": "88.4298",
        "next_song_expected": 60
    }
}