{
    "error": 0,
    "data": {
        "r64_vote": "5",
        "next_poll": 155,
        "live": 0,
        "website": "",
        "title": "Spellbound (Remiximus)",
        "duration": 357,
        "requestedBy": "",
        "next_song_expected": 155,
        "num_votes": "152",
        "album": "",
        "next_song_date": 1504895825,
        "filename": "c64\\rko\\deVilhoOD - Spellbound (Remiximus).mp3",
        "r64_id": "2745",
        "vote_percent": "95.0658",
        "listeners": "73",
        "date_played": 1504895111,
        "picture": "",
        "artist": "Pawel Osmolski (deVilhoOD)",
        "albumyear": "2005",
        "my_vote": null,
        "sid_path": "MUSICIANS/H/Hubbard_Rob/Spellbound.sid",
        "next_song": {
            "title": "Toytone Caf (Piano Tribe Mix)",
            "filename": "M:\\Mp3\\c64\\rko\\DJ Mitch - Toytone Cafe (Piano Tribe Mix).mp3",
            "artist": "Mitch van Hayden",
            "album": "",
            "live": 0
        },
        "requestID": "0",
        "id": "2162"
    },
    "message": ""
}