{
    "data": {
        "duration": 237,
        "next_song_date": 1504900743,
        "albumyear": "2002",
        "live": 0,
        "r64_id": null,
        "listeners": "63",
        "my_vote": null,
        "website": "http://www.c64audio.com/productInfo.php?cat=IR01",
        "next_poll": 153,
        "artist": "Instant Remedy",
        "filename": "c64\\Albums\\Instant Remedy - Instant Remedy\\04 - International Karate.mp3",
        "date_played": 1504900269,
        "picture": "Instant_Remedy.jpg",
        "r64_vote": null,
        "sid_path": null,
        "id": "2179",
        "vote_percent": "95.1872",
        "num_votes": "187",
        "requestID": "0",
        "album": "Instant Remedy",
        "next_song": {
            "title": "Fairlight",
            "artist": "Doctorrus Petrixuss",
            "album": "",
            "filename": "M:\\Mp3\\c64\\rko\\Doctorrus Petrixuss - Fairlight.mp3",
            "live": 0
        },
        "title": "International Karate",
        "next_song_expected": 153,
        "requestedBy": ""
    },
    "error": 0,
    "message": ""
}