{
    "message": "",
    "data": {
        "requestedBy": "",
        "artist": "Dan Tootill",
        "r64_id": "1838",
        "sid_path": "MUSICIANS/F/Follin_Tim/Scumball.sid",
        "website": "",
        "id": "233",
        "num_votes": "108",
        "album": "",
        "requestID": "0",
        "duration": 215,
        "next_poll": 15,
        "title": "Scumball (Cheat Mode)",
        "filename": "c64\\rko\\Dan Tootill - Scumball (Cheat Mode).mp3",
        "date_played": 1504906956,
        "albumyear": "2003",
        "r64_vote": "4",
        "live": 0,
        "listeners": "66",
        "next_song": {
            "title": "The Last Ninja 2 - The Basement",
            "filename": "M:\\Mp3\\c64\\rko\\Dave Brybe - The Last Ninja 2 - The Basement.mp3",
            "album": "",
            "artist": "Dave Brybe",
            "live": 0
        },
        "next_song_date": 1504907386,
        "vote_percent": "87.7315",
        "picture": "",
        "next_song_expected": -22,
        "my_vote": null
    },
    "error": 0
}