{
    "data": {
        "next_song_expected": -38,
        "title": "Painterboy",
        "sid_path": "GAMES/M-R/Painterboy.sid",
        "albumyear": "2002",
        "filename": "c64\\rko\\Apple  Paradise Dreams - Painterboy.mp3",
        "next_song_date": 1504907516,
        "next_poll": 15,
        "date_played": 1504907394,
        "requestedBy": "",
        "next_song": {
            "title": "International Karate (80s remix)",
            "live": 0,
            "artist": "Jeroen Breebaart",
            "album": "",
            "filename": "M:\\Mp3\\c64\\rko\\Jeroen Breebaart - International Karate (80s remix).mp3"
        },
        "id": "62",
        "r64_vote": "4",
        "requestID": "0",
        "album": "",
        "r64_id": "1157",
        "live": 0,
        "artist": "Apple / Paradise Dreams",
        "website": "",
        "vote_percent": "98.0769",
        "picture": "",
        "duration": 61,
        "listeners": "64",
        "my_vote": null,
        "num_votes": "13"
    },
    "error": 0,
    "message": ""
}