{
    "message": "",
    "data": {
        "website": "",
        "album": "",
        "duration": 357,
        "requestedBy": "",
        "r64_vote": "5",
        "live": 0,
        "listeners": "77",
        "requestID": "0",
        "vote_percent": "95.0658",
        "r64_id": "2745",
        "sid_path": "MUSICIANS/H/Hubbard_Rob/Spellbound.sid",
        "albumyear": "2005",
        "next_song_expected": 35,
        "date_played": 1504895111,
        "artist": "Pawel Osmolski (deVilhoOD)",
        "picture": "",
        "next_song_date": 1504895825,
        "filename": "c64\\rko\\deVilhoOD - Spellbound (Remiximus).mp3",
        "num_votes": "152",
        "next_poll": 35,
        "id": "2162",
        "title": "Spellbound (Remiximus)",
        "next_song": {
            "filename": "M:\\Mp3\\c64\\rko\\DJ Mitch - Toytone Cafe (Piano Tribe Mix).mp3",
            "title": "Toytone Caf (Piano Tribe Mix)",
            "live": 0,
            "artist": "Mitch van Hayden",
            "album": ""
        },
        "my_vote": null
    },
    "error": 0
}