{
    "data": {
        "artist": "RBT",
        "next_song_date": 1504884893,
        "duration": 339,
        "live": 0,
        "requestedBy": "",
        "id": "1098",
        "next_song_expected": 101,
        "website": "",
        "my_vote": null,
        "next_poll": 101,
        "date_played": 1504884215,
        "vote_percent": "91.3265",
        "next_song": {
            "filename": "M:\\Mp3\\c64\\rko\\Isaac Abraham - The Last Ninja - Central Park.mp3",
            "title": "The Last Ninja - Central Park",
            "album": "",
            "live": 0,
            "artist": "Isaac Abraham"
        },
        "sid_path": "MUSICIANS/H/Hubbard_Rob/Auf_Wiedersehen_Monty.sid",
        "albumyear": "2002",
        "r64_id": "1487",
        "r64_vote": "5",
        "title": "Auf Wiedersehen Monty (metalmix)",
        "picture": "",
        "album": "",
        "requestID": "0",
        "num_votes": "147",
        "filename": "c64\\rko\\RBT - Auf Wiedersehen Monty (metalmix).mp3",
        "listeners": "66"
    },
    "error": 0,
    "message": ""
}