{
    "error": 0,
    "message": "",
    "data": {
        "next_poll": 29,
        "artist": "Westerling",
        "next_song_date": 1504874087,
        "id": "2458",
        "requestID": "462412",
        "date_played": 1504873637,
        "albumyear": "2005",
        "num_votes": "343",
        "album": "",
        "next_song": {
            "live": 0,
            "artist": "Reyn Ouwehand",
            "title": "Bombo (Ben Daglish)",
            "filename": "M:\\Mp3\\c64\\Albums\\Reyn Ouwehand - Nexus 6581 II\\01-reyn_ouwehand-bombo_(ben_daglish)-byter.mp3",
            "album": "Nexus 6581-II"
        },
        "r64_id": "2899",
        "next_song_expected": 29,
        "filename": "c64\\rko\\Westerling - Bazooka Bill (Subtune 1).mp3",
        "picture": "",
        "listeners": "81",
        "title": "Bazooka Bill (Subtune 1)",
        "my_vote": null,
        "live": 0,
        "sid_path": "MUSICIANS/B/Brennan_Neil/Bazooka_Bill.sid",
        "r64_vote": "5",
        "duration": 225,
        "requestedBy": "raw",
        "website": "",
        "vote_percent": "97.0845"
    }
}