{
    "error": 0,
    "data": {
        "num_votes": "106",
        "r64_id": "4709",
        "next_song": {
            "artist": "BeeZerk",
            "live": 0,
            "filename": "M:\\Mp3\\c64\\rko\\BeeZerk - Tintin On The Moon.mp3",
            "title": "Tintin On The Moon",
            "album": ""
        },
        "next_poll": 88,
        "live": 0,
        "listeners": "39",
        "date_played": 1504926193,
        "next_song_expected": 88,
        "picture": "",
        "album": "",
        "albumyear": "2011",
        "id": "4138",
        "next_song_date": 1504926649,
        "requestedBy": "",
        "requestID": "0",
        "duration": 228,
        "artist": "Canvas",
        "title": "Shadowfire (first attempt)",
        "sid_path": "MUSICIANS/G/Gray_Fred/ShadowFire.sid",
        "website": "",
        "filename": "c64\\rko\\Canvas - Shadowfire (first attempt).mp3",
        "my_vote": null,
        "vote_percent": "88.9151",
        "r64_vote": "5"
    },
    "message": ""
}