{
    "message": "",
    "error": 0,
    "data": {
        "artist": "Doctorrus Petrixuss",
        "next_poll": 75,
        "listeners": "68",
        "duration": 135,
        "next_song_expected": 75,
        "live": 0,
        "albumyear": "2001",
        "album": "",
        "vote_percent": "98.6842",
        "r64_vote": "4",
        "my_vote": null,
        "next_song": {
            "artist": "AcidBlock",
            "filename": "M:\\Mp3\\c64\\rko\\AcidBlock - Beginning (Energized).mp3",
            "title": "Beginning (Energized)",
            "live": 0,
            "album": ""
        },
        "filename": "c64\\rko\\Doctorrus Petrixuss - Fairlight.mp3",
        "num_votes": "19",
        "date_played": 1504900473,
        "id": "3795",
        "picture": "",
        "requestID": "0",
        "sid_path": "MUSICIANS/C/Clever_Music/Fairlight.sid",
        "next_song_date": 1504900743,
        "title": "Fairlight",
        "r64_id": "4332",
        "requestedBy": "",
        "website": ""
    }
}