{
    "message": "",
    "data": {
        "albumyear": "2010",
        "album": "",
        "num_votes": "122",
        "date_played": 1504926017,
        "filename": "c64\\rko\\Martin Dodd - Amaurote (Ready For Action 2010 remix).mp3",
        "r64_id": "4550",
        "title": "Amaurote (Ready For Action 2010 remix)",
        "next_song_date": 1504926397,
        "live": 0,
        "r64_vote": "6",
        "artist": "Martin Dodd",
        "id": "4001",
        "duration": 190,
        "next_poll": 54,
        "website": "",
        "next_song": {
            "artist": "Canvas",
            "title": "Shadowfire (first attempt)",
            "filename": "M:\\Mp3\\c64\\rko\\Canvas - Shadowfire (first attempt).mp3",
            "live": 0,
            "album": ""
        },
        "my_vote": null,
        "picture": "",
        "next_song_expected": 54,
        "listeners": "37",
        "requestID": "0",
        "sid_path": "MUSICIANS/W/Whittaker_David/Amaurote.sid",
        "vote_percent": "96.9262",
        "requestedBy": ""
    },
    "error": 0
}