{
    "data": {
        "album": "",
        "requestedBy": "",
        "sid_path": "MUSICIANS/B/Beben_Wally/Total_Eclipse.sid",
        "next_poll": 306,
        "requestID": "0",
        "title": "Total Eclipse (Main Theme Remix)",
        "next_song_expected": 306,
        "live": 0,
        "next_song": {
            "filename": "M:\\Mp3\\c64\\rko\\Marcel Donn\u00e9 - Watch It!.mp3",
            "album": "",
            "title": "Watch It!",
            "artist": "Marcel Donn\u00e9",
            "live": 0
        },
        "r64_id": "5401",
        "artist": "Martin Dodd",
        "picture": "",
        "my_vote": null,
        "vote_percent": "96.0000",
        "num_votes": "50",
        "id": "4742",
        "filename": "c64\\rko\\Martin Dodd - Total Eclipse (Main Theme Remix).mp3",
        "duration": 480,
        "date_played": 1504930239,
        "r64_vote": "6",
        "albumyear": "2015",
        "next_song_date": 1504931199,
        "website": "",
        "listeners": "43"
    },
    "error": 0,
    "message": ""
}