{
    "error": 0,
    "message": "",
    "data": {
        "artist": "Amok",
        "my_vote": null,
        "website": "",
        "num_votes": "133",
        "next_song": {
            "artist": "Dr. Bongo",
            "title": "Logical (Take it Easy)",
            "live": 0,
            "album": "",
            "filename": "M:\\Mp3\\c64\\rko\\Dr. Bongo - Logical (Take it Easy).mp3"
        },
        "date_played": 1504925177,
        "requestedBy": "",
        "title": "Dulcedo Cogitationis (Nightmare-Mix)",
        "duration": 261,
        "filename": "c64\\rko\\Amok - Dulcedo Cogitationis (Nightmare-Mix).mp3",
        "albumyear": "2008",
        "album": "",
        "sid_path": "MUSICIANS/H/Huelsbeck_Chris/Dulcedo_Cogitationis.sid",
        "next_song_date": 1504925699,
        "picture": "",
        "next_poll": 185,
        "r64_id": "3718",
        "live": 0,
        "next_song_expected": 185,
        "r64_vote": "5",
        "vote_percent": "94.9248",
        "requestID": "0",
        "listeners": "38",
        "id": "3189"
    }
}