{
    "data": {
        "next_song_expected": 0,
        "albumyear": "2004",
        "website": "http://www.c64audio.com/productInfo.php?cat=BINBABE",
        "listeners": "52",
        "r64_vote": null,
        "picture": "Makke_-_Its_Binary_Baby.jpg",
        "requestedBy": "",
        "id": "2426",
        "live": 0,
        "duration": 180,
        "num_votes": "161",
        "album": "It's Binary, Baby!",
        "date_played": 1504914153,
        "my_vote": null,
        "next_poll": 15,
        "r64_id": null,
        "filename": "c64\\Albums\\Makke - It's Binary, Baby!\\11 - Compilations III.mp3",
        "title": "Compilations III",
        "artist": "Makke",
        "next_song": {
            "artist": "DJ cK",
            "live": 0,
            "filename": "M:\\Mp3\\c64\\rko\\DJ cK - Epyx Winter Games - The Remix.mp3",
            "title": "Epyx' Winter Games - The Remix",
            "album": ""
        },
        "vote_percent": "96.7391",
        "sid_path": null,
        "next_song_date": 1504914513,
        "requestID": "0"
    },
    "error": 0,
    "message": ""
}