{
    "error": 0,
    "data": {
        "r64_id": "407",
        "date_played": 1504895969,
        "duration": 513,
        "listeners": "74",
        "vote_percent": "95.0704",
        "next_poll": 29,
        "id": "1102",
        "album": "",
        "artist": "Red Devil",
        "requestedBy": "",
        "r64_vote": "5",
        "website": "",
        "requestID": "0",
        "num_votes": "142",
        "next_song_expected": 29,
        "next_song_date": 1504896995,
        "picture": "",
        "live": 0,
        "next_song": {
            "album": "",
            "artist": "DJ Skitz",
            "filename": "M:\\Mp3\\c64\\rko\\DJ Skitz - Megasweet.mp3",
            "title": "Megasweet",
            "live": 0
        },
        "albumyear": "1997",
        "filename": "c64\\rko\\Red Devil - Druid II Remix.mp3",
        "title": "Druid II Remix",
        "my_vote": null,
        "sid_path": "MUSICIANS/H/Hanlon_David/Enlightenment_Druid_II.sid"
    },
    "message": ""
}