{
    "message": "",
    "data": {
        "next_poll": 50,
        "sid_path": "MUSICIANS/G/Gray_Matt/Last_Ninja_2.sid",
        "picture": "",
        "albumyear": "2002",
        "next_song_date": 1504907679,
        "artist": "Dave Brybe",
        "r64_vote": "5",
        "id": "255",
        "my_vote": null,
        "next_song": {
            "artist": "Apple / Paradise Dreams",
            "live": 0,
            "title": "Painterboy",
            "filename": "M:\\Mp3\\c64\\rko\\Apple  Paradise Dreams - Painterboy.mp3",
            "album": ""
        },
        "date_played": 1504907167,
        "num_votes": "108",
        "live": 0,
        "requestedBy": "",
        "website": "",
        "next_song_expected": 50,
        "album": "",
        "listeners": "64",
        "duration": 256,
        "filename": "c64\\rko\\Dave Brybe - The Last Ninja 2 - The Basement.mp3",
        "title": "The Last Ninja 2 - The Basement",
        "r64_id": "1826",
        "requestID": "0",
        "vote_percent": "93.9815"
    },
    "error": 0
}