{
    "error": 0,
    "data": {
        "title": "Let's Go",
        "filename": "c64\\rko\\BeeZerk - Let's Go.mp3",
        "num_votes": "185",
        "vote_percent": "95.2703",
        "requestID": "0",
        "r64_vote": "6",
        "website": "",
        "date_played": 1504908921,
        "albumyear": "2011",
        "picture": "",
        "listeners": "64",
        "artist": "BeeZerk",
        "next_song": {
            "album": "",
            "title": "I don't need no love",
            "artist": "Dafunk",
            "filename": "M:\\Mp3\\c64\\rko\\Dafunk - I don't need no love.mp3",
            "live": 0
        },
        "album": "",
        "my_vote": null,
        "duration": 371,
        "next_song_date": 1504909663,
        "next_song_expected": 59,
        "live": 0,
        "next_poll": 59,
        "requestedBy": "",
        "sid_path": "MUSICIANS/J/Jammer/Lets_Go.sid",
        "r64_id": "4641",
        "id": "4071"
    },
    "message": ""
}