{
    "message": "",
    "data": {
        "live": 0,
        "artist": "Cactus",
        "next_poll": 93,
        "sid_path": "MUSICIANS/G/Galway_Martin/Comic_Bakery.sid",
        "listeners": "79",
        "r64_id": "4938",
        "albumyear": "2012",
        "date_played": 1504876419,
        "my_vote": null,
        "id": "4334",
        "requestedBy": "",
        "next_song_expected": 93,
        "num_votes": "90",
        "duration": 207,
        "filename": "c64\\rko\\Cactus - Comic Bakery (Raggamuffin).mp3",
        "album": "",
        "requestID": "0",
        "vote_percent": "94.7222",
        "r64_vote": "5",
        "title": "Comic Bakery (Raggamuffin)",
        "picture": "",
        "website": "",
        "next_song": {
            "live": 0,
            "artist": "Analog-X64",
            "album": "",
            "title": "Arkanoid (2013)",
            "filename": "M:\\Mp3\\c64\\rko\\Analog-X64 - Arkanoid (2013).mp3"
        },
        "next_song_date": 1504876833
    },
    "error": 0
}