{
    "data": {
        "next_song_expected": -47,
        "duration": 169,
        "vote_percent": "94.1011",
        "next_song_date": 1504889435,
        "requestedBy": "",
        "next_song": {
            "artist": "Slumgud of Depth",
            "filename": "M:\\Mp3\\c64\\rko\\Slumgud of Depth - Hairy Toes.mp3",
            "album": "",
            "live": 0,
            "title": "Hairy Toes"
        },
        "r64_id": "2617",
        "next_poll": 15,
        "requestID": "0",
        "date_played": 1504889097,
        "listeners": "68",
        "title": "Blowing or Bowling",
        "artist": "Vincenzo",
        "sid_path": "MUSICIANS/J/Jeff/Blowing.sid",
        "album": "",
        "picture": "",
        "r64_vote": "5",
        "id": "1999",
        "live": 0,
        "website": "",
        "filename": "c64\\rko\\Vincenzo - Blowing or Bowling.mp3",
        "num_votes": "89",
        "albumyear": "2005",
        "my_vote": null
    },
    "error": 0,
    "message": ""
}