{
    "error": 0,
    "message": "",
    "data": {
        "next_poll": 15,
        "vote_percent": "87.7500",
        "next_song": {
            "title": "Flimbo's Quest (For The Ultimate Beat)",
            "album": "",
            "live": 0,
            "artist": "Sonic Wanderer",
            "filename": "M:\\Mp3\\c64\\rko\\Sonic Wanderer - Flimbo's Quest (For The Ultimate Beat).mp3"
        },
        "next_song_date": 1504911917,
        "requestedBy": "",
        "my_vote": null,
        "albumyear": "2004",
        "filename": "c64\\rko\\Chris Prattini - Bards Tale II (Subtune 3).mp3",
        "requestID": "0",
        "sid_path": "MUSICIANS/W/Warhol_Dave/Bards_Tale_II-Destiny_Knight.sid",
        "title": "Bard's Tale II (Subtune 3)",
        "id": "1844",
        "duration": 136,
        "website": "",
        "live": 0,
        "num_votes": "100",
        "date_played": 1504911645,
        "album": "",
        "r64_id": "2254",
        "r64_vote": "5",
        "next_song_expected": -32,
        "artist": "Chris Prattini",
        "picture": "",
        "listeners": "56"
    }
}