{
    "error": 0,
    "message": "",
    "data": {
        "duration": 261,
        "date_played": 1504883959,
        "r64_vote": "5",
        "albumyear": "2001",
        "live": 0,
        "filename": "c64\\rko\\Markus Siebold - Turrican II (Summer Remix).mp3",
        "num_votes": "114",
        "picture": "",
        "next_song": {
            "artist": "RBT",
            "filename": "M:\\Mp3\\c64\\rko\\RBT - Auf Wiedersehen Monty (metalmix).mp3",
            "title": "Auf Wiedersehen Monty (metalmix)",
            "live": 0,
            "album": ""
        },
        "album": "",
        "requestID": "0",
        "my_vote": null,
        "next_poll": 15,
        "title": "Turrican II (Summer Remix)",
        "listeners": "66",
        "next_song_date": 1504884481,
        "website": "",
        "artist": "Markus Siebold",
        "requestedBy": "",
        "sid_path": "MUSICIANS/S/Siebold_Markus/Turrican_2-The_Final_Fight.sid",
        "r64_id": "1739",
        "id": "802",
        "vote_percent": "92.9825",
        "next_song_expected": -53
    }
}