{
    "error": 0,
    "data": {
        "picture": "",
        "title": "Turrican II (Summer Remix)",
        "next_poll": 187,
        "date_played": 1504883959,
        "filename": "c64\\rko\\Markus Siebold - Turrican II (Summer Remix).mp3",
        "duration": 261,
        "requestedBy": "",
        "r64_vote": "5",
        "vote_percent": "92.9825",
        "next_song": {
            "title": "Auf Wiedersehen Monty (metalmix)",
            "album": "",
            "artist": "RBT",
            "filename": "M:\\Mp3\\c64\\rko\\RBT - Auf Wiedersehen Monty (metalmix).mp3",
            "live": 0
        },
        "website": "",
        "album": "",
        "next_song_date": 1504884481,
        "my_vote": null,
        "live": 0,
        "requestID": "0",
        "id": "802",
        "r64_id": "1739",
        "albumyear": "2001",
        "artist": "Markus Siebold",
        "sid_path": "MUSICIANS/S/Siebold_Markus/Turrican_2-The_Final_Fight.sid",
        "listeners": "64",
        "next_song_expected": 187,
        "num_votes": "114"
    },
    "message": ""
}