{
    "error": 0,
    "data": {
        "next_poll": 122,
        "num_votes": "156",
        "artist": "Emre Bulsat",
        "live": 0,
        "id": "3478",
        "next_song_expected": 122,
        "vote_percent": "96.6346",
        "requestedBy": "",
        "listeners": "38",
        "title": "Dream n Trance (Good Love)",
        "r64_id": "4013",
        "sid_path": "MUSICIANS/O/Odysseus/Dream_n_Trance.sid",
        "albumyear": "2009",
        "next_song": {
            "title": "MindControl - part 1",
            "album": "",
            "live": 0,
            "filename": "M:\\Mp3\\c64\\rko\\Paradroid - MindControl - part 1.mp3",
            "artist": "Paradroid"
        },
        "website": "",
        "filename": "c64\\rko\\Emre Bulsat - Dream n Trance (Good Love).mp3",
        "requestID": "0",
        "r64_vote": "5",
        "duration": 199,
        "my_vote": null,
        "next_song_date": 1504927914,
        "date_played": 1504927516,
        "album": "",
        "picture": ""
    },
    "message": ""
}