{
    "error": 0,
    "data": {
        "duration": 247,
        "date_played": 1504923897,
        "next_song_date": 1504924391,
        "r64_vote": "5",
        "live": 0,
        "filename": "c64\\rko\\Dees - Gemini (Electro Glide Remix).mp3",
        "next_song": {
            "album": "",
            "title": "Comic Frame",
            "live": 0,
            "filename": "M:\\Mp3\\c64\\rko\\Hazel - Comic Frame.mp3",
            "artist": "Hazel"
        },
        "sid_path": "MUSICIANS/D/DRAX/Gemini.sid",
        "next_poll": 151,
        "my_vote": null,
        "r64_id": "5140",
        "vote_percent": "94.1176",
        "num_votes": "68",
        "listeners": "39",
        "album": "",
        "next_song_expected": 151,
        "website": "",
        "requestID": "0",
        "picture": "",
        "id": "4471",
        "artist": "Dees",
        "requestedBy": "",
        "albumyear": "2013",
        "title": "Gemini (Electro Glide Remix)"
    },
    "message": ""
}