{"kind": "Listing", "data": {"modhash": "", "dist": 25, "children": [{"kind": "t3", "data": {"approved_at_utc": null, "subreddit": "programming", "selftext": "", "author_fullname": "t2_1847fmpw", "saved": false, "mod_reason_title": null, "gilded": 0, "clicked": false, "title": "Facebook Libra is Architecturally Unsound", "link_flair_richtext": [], "subreddit_name_prefixed": "r/programming", "hidden": false, "pwls": 6, "link_flair_css_class": null, "downs": 0, "hide_score": false, "name": "t3_ds20oc", "quarantine": false, "link_flair_text_color": "dark", "author_flair_background_color": null, "subreddit_type": "public", "ups": 1188, "total_awards_received": 0, "media_embed": {}, "author_flair_template_id": null, "is_original_content": false, "user_reports": [], "secure_media": null, "is_reddit_media_domain": false, "is_meta": false, "category": null, "secure_media_embed": {}, "link_flair_text": null, "can_mod_post": false, "score": 1188, "approved_by": null, "thumbnail": "", "edited": false, "author_flair_css_class": null, "steward_reports": [], "author_flair_richtext": [], "gildings": {}, "content_categories": null, "is_self": false, "mod_note": null, "created": 1573001969.0, "link_flair_type": "text", "wls": 6, "banned_by": null, "author_flair_type": "text", "domain": "stephendiehl.com", "allow_live_comments": true, "selftext_html": null, "likes": null, "suggested_sort": null, "banned_at_utc": null, "view_count": null, "archived": false, "no_follow": false, "is_crosspostable": false, "pinned": false, "over_18": false, "all_awardings": [], "awarders": [], "media_only": false, "can_gild": false, "spoiler": false, "locked": false, "author_flair_text": null, "visited": false, "num_reports": null, "distinguished": null, "subreddit_id": "t5_2fwo", "mod_reason_by": null, "removal_reason": null, "link_flair_background_color": "", "id": "ds20oc", "is_robot_indexable": true, "report_reasons": null, "author": "cryo8822", "discussion_type": null, "media": null, "send_replies": true, "whitelist_status": "all_ads", "contest_mode": false, "mod_reports": [], "author_patreon_flair": false, "author_flair_text_color": null, "permalink": "/r/programming/comments/ds20oc/facebook_libra_is_architecturally_unsound/", "parent_whitelist_status": "all_ads", "stickied": false, "url": "http://www.stephendiehl.com/posts/libra.html", "subreddit_subscribers": 2317075, "created_utc": 1572973169.0, "num_crossposts": 1, "num_comments": 217, "is_video": false}}, {"kind": "t3", "data": {"approved_at_utc": null, "subreddit": "programming", "selftext": "", "author_fullname": "t2_gp2s3", "saved": false, "mod_reason_title": null, "gilded": 0, "clicked": false, "title": "Dart can now produce self-contained, native executables for MacOS, Windows and Linux", "link_flair_richtext": [], "subreddit_name_prefixed": "r/programming", "hidden": false, "pwls": 6, "link_flair_css_class": null, "downs": 0, "hide_score": false, "name": "t3_ds2emt", "quarantine": false, "link_flair_text_color": "dark", "author_flair_background_color": null, "subreddit_type": "public", "ups": 444, "total_awards_received": 0, "media_embed": {}, "author_flair_template_id": null, "is_original_content": false, "user_reports": [], "secure_media": null, "is_reddit_media_domain": false, "is_meta": false, "category": null, "secure_media_embed": {}, "link_flair_text": null, "can_mod_post": false, "score": 444, "approved_by": null, "thumbnail": "", "edited": false, "author_flair_css_class": null, "steward_reports": [], "author_flair_richtext": [], "gildings": {}, "content_categories": null, "is_self": false, "mod_note": null, "created": 1573003588.0, "link_flair_type": "text", "wls": 6, "banned_by": null, "author_flair_type": "text", "domain": "medium.com", "allow_live_comments": true, "selftext_html": null, "likes": null, "suggested_sort": null, "banned_at_utc": null, "view_count": null, "archived": false, "no_follow": false, "is_crosspostable": false, "pinned": false, "over_18": false, "all_awardings": [], "awarders": [], "media_only": false, "can_gild": false, "spoiler": false, "locked": false, "author_flair_text": null, "visited": false, "num_reports": null, "distinguished": null, "subreddit_id": "t5_2fwo", "mod_reason_by": null, "removal_reason": null, "link_flair_background_color": "", "id": "ds2emt", "is_robot_indexable": true, "report_reasons": null, "author": "renatoathaydes", "discussion_type": null, "media": null, "send_replies": true, "whitelist_status": "all_ads", "contest_mode": false, "mod_reports": [], "author_patreon_flair": false, "author_flair_text_color": null, "permalink": "/r/programming/comments/ds2emt/dart_can_now_produce_selfcontained_native/", "parent_whitelist_status": "all_ads", "stickied": false, "url": "https://medium.com/dartlang/dart2native-a76c815e6baf", "subreddit_subscribers": 2317075, "created_utc": 1572974788.0, "num_crossposts": 0, "num_comments": 122, "is_video": false}}, {"kind": "t3", "data": {"approved_at_utc": null, "subreddit": "programming", "selftext": "", "author_fullname": "t2_rvxk0", "saved": false, "mod_reason_title": null, "gilded": 0, "clicked": false, "title": "Racket is an acceptable Python", "link_flair_richtext": [], "subreddit_name_prefixed": "r/programming", "hidden": false, "pwls": 6, "link_flair_css_class": null, "downs": 0, "hide_score": true, "name": "t3_dsdssv", "quarantine": false, "link_flair_text_color": "dark", "author_flair_background_color": null, "subreddit_type": "public", "ups": 12, "total_awards_received": 0, "media_embed": {}, "author_flair_template_id": null, "is_original_content": false, "user_reports": [], "secure_media": null, "is_reddit_media_domain": false, "is_meta": false, "category": null, "secure_media_embed": {}, "link_flair_text": null, "can_mod_post": false, "score": 12, "approved_by": null, "thumbnail": "", "edited": false, "author_flair_css_class": null, "steward_reports": [], "author_flair_richtext": [], "gildings": {}, "content_categories": null, "is_self": false, "mod_note": null, "created": 1573060134.0, "link_flair_type": "text", "wls": 6, "banned_by": null, "author_flair_type": "text", "domain": "dustycloud.org", "allow_live_comments": false, "selftext_html": null, "likes": null, "suggested_sort": null, "banned_at_utc": null, "view_count": null, "archived": false, "no_follow": false, "is_crosspostable": false, "pinned": false, "over_18": false, "all_awardings": [], "awarders": [], "media_only": false, "can_gild": false, "spoiler": false, "locked": false, "author_flair_text": null, "visited": false, "num_reports": null, "distinguished": null, "subreddit_id": "t5_2fwo", "mod_reason_by": null, "removal_reason": null, "link_flair_background_color": "", "id": "dsdssv", "is_robot_indexable": true, "report_reasons": null, "author": "Alexander_Selkirk", "discussion_type": null, "media": null, "send_replies": true, "whitelist_status": "all_ads", "contest_mode": false, "mod_reports": [], "author_patreon_flair": false, "author_flair_text_color": null, "permalink": "/r/programming/comments/dsdssv/racket_is_an_acceptable_python/", "parent_whitelist_status": "all_ads", "stickied": false, "url": "https://dustycloud.org/blog/racket-is-an-acceptable-python/", "subreddit_subscribers": 2317075, "created_utc": 1573031334.0, "num_crossposts": 0, "num_comments": 0, "is_video": false}}, {"kind": "t3", "data": {"approved_at_utc": null, "subreddit": "programming", "selftext": "", "author_fullname": "t2_432e5", "saved": false, "mod_reason_title": null, "gilded": 0, "clicked": false, "title": "Announcing TypeScript 3.7", "link_flair_richtext": [], "subreddit_name_prefixed": "r/programming", "hidden": false, "pwls": 6, "link_flair_css_class": null, "downs": 0, "hide_score": false, "name": "t3_ds2794", "quarantine": false, "link_flair_text_color": "dark", "author_flair_background_color": null, "subreddit_type": "public", "ups": 202, "total_awards_received": 0, "media_embed": {}, "author_flair_template_id": null, "is_original_content": false, "user_reports": [], "secure_media": null, "is_reddit_media_domain": false, "is_meta": false, "category": null, "secure_media_embed": {}, "link_flair_text": null, "can_mod_post": false, "score": 202, "approved_by": null, "thumbnail": "", "edited": false, "author_flair_css_class": null, "steward_reports": [], "author_flair_richtext": [], "gildings": {}, "content_categories": null, "is_self": false, "mod_note": null, "created": 1573002726.0, "link_flair_type": "text", "wls": 6, "banned_by": null, "author_flair_type": "text", "domain": "devblogs.microsoft.com", "allow_live_comments": false, "selftext_html": null, "likes": null, "suggested_sort": null, "banned_at_utc": null, "view_count": null, "archived": false, "no_follow": false, "is_crosspostable": false, "pinned": false, "over_18": false, "all_awardings": [], "awarders": [], "media_only": false, "can_gild": false, "spoiler": false, "locked": false, "author_flair_text": null, "visited": false, "num_reports": null, "distinguished": null, "subreddit_id": "t5_2fwo", "mod_reason_by": null, "removal_reason": null, "link_flair_background_color": "", "id": "ds2794", "is_robot_indexable": true, "report_reasons": null, "author": "DanielRosenwasser", "discussion_type": null, "media": null, "send_replies": true, "whitelist_status": "all_ads", "contest_mode": false, "mod_reports": [], "author_patreon_flair": false, "author_flair_text_color": null, "permalink": "/r/programming/comments/ds2794/announcing_typescript_37/", "parent_whitelist_status": "all_ads", "stickied": false, "url": "https://devblogs.microsoft.com/typescript/announcing-typescript-3-7/", "subreddit_subscribers": 2317075, "created_utc": 1572973926.0, "num_crossposts": 0, "num_comments": 40, "is_video": false}}, {"kind": "t3", "data": {"approved_at_utc": null, "subreddit": "programming", "selftext": "", "author_fullname": "t2_76g30", "saved": false, "mod_reason_title": null, "gilded": 0, "clicked": false, "title": "Factual inaccuracies of \u201cFacebook Libra is Architecturally Unsound\u201d", "link_flair_richtext": [], "subreddit_name_prefixed": "r/programming", "hidden": false, "pwls": 6, "link_flair_css_class": null, "downs": 0, "hide_score": false, "name": "t3_ds75e6", "quarantine": false, "link_flair_text_color": "dark", "author_flair_background_color": null, "subreddit_type": "public", "ups": 67, "total_awards_received": 0, "media_embed": {}, "author_flair_template_id": null, "is_original_content": false, "user_reports": [], "secure_media": null, "is_reddit_media_domain": false, "is_meta": false, "category": null, "secure_media_embed": {}, "link_flair_text": null, "can_mod_post": false, "score": 67, "approved_by": null, "thumbnail": "", "edited": false, "author_flair_css_class": null, "steward_reports": [], "author_flair_richtext": [], "gildings": {}, "content_categories": null, "is_self": false, "mod_note": null, "created": 1573023672.0, "link_flair_type": "text", "wls": 6, "banned_by": null, "author_flair_type": "text", "domain": "tonyarcieri.com", "allow_live_comments": false, "selftext_html": null, "likes": null, "suggested_sort": null, "banned_at_utc": null, "view_count": null, "archived": false, "no_follow": false, "is_crosspostable": false, "pinned": false, "over_18": false, "all_awardings": [], "awarders": [], "media_only": false, "can_gild": false, "spoiler": false, "locked": false, "author_flair_text": null, "visited": false, "num_reports": null, "distinguished": null, "subreddit_id": "t5_2fwo", "mod_reason_by": null, "removal_reason": null, "link_flair_background_color": "", "id": "ds75e6", "is_robot_indexable": true, "report_reasons": null, "author": "cbarrick", "discussion_type": null, "media": null, "send_replies": true, "whitelist_status": "all_ads", "contest_mode": false, "mod_reports": [], "author_patreon_flair": false, "author_flair_text_color": null, "permalink": "/r/programming/comments/ds75e6/factual_inaccuracies_of_facebook_libra_is/", "parent_whitelist_status": "all_ads", "stickied": false, "url": "https://tonyarcieri.com/factual-inaccuracies-of-facebook-libra-is-architecturally-unsound", "subreddit_subscribers": 2317075, "created_utc": 1572994872.0, "num_crossposts": 0, "num_comments": 7, "is_video": false}}, {"kind": "t3", "data": {"approved_at_utc": null, "subreddit": "programming", "selftext": "", "author_fullname": "t2_cmyeb", "saved": false, "mod_reason_title": null, "gilded": 0, "clicked": false, "title": "An Illustrated Guide to OAuth and OpenID Connect (Video)", "link_flair_richtext": [], "subreddit_name_prefixed": "r/programming", "hidden": false, "pwls": 6, "link_flair_css_class": null, "downs": 0, "hide_score": false, "name": "t3_ds5b4v", "quarantine": false, "link_flair_text_color": "dark", "author_flair_background_color": null, "subreddit_type": "public", "ups": 77, "total_awards_received": 0, "media_embed": {"content": "&lt;iframe width=\"600\" height=\"338\" src=\"https://www.youtube.com/embed/t18YB3xDfXI?feature=oembed&amp;enablejsapi=1\" frameborder=\"0\" allow=\"accelerometer; autoplay; encrypted-media; gyroscope; picture-in-picture\" allowfullscreen&gt;&lt;/iframe&gt;", "width": 600, "scrolling": false, "height": 338}, "author_flair_template_id": null, "is_original_content": false, "user_reports": [], "secure_media": {"type": "youtube.com", "oembed": {"provider_url": "https://www.youtube.com/", "version": "1.0", "title": "An Illustrated Guide to OAuth and OpenID Connect", "type": "video", "thumbnail_width": 480, "height": 338, "width": 600, "html": "&lt;iframe width=\"600\" height=\"338\" src=\"https://www.youtube.com/embed/t18YB3xDfXI?feature=oembed&amp;enablejsapi=1\" frameborder=\"0\" allow=\"accelerometer; autoplay; encrypted-media; gyroscope; picture-in-picture\" allowfullscreen&gt;&lt;/iframe&gt;", "author_name": "OktaDev", "provider_name": "YouTube", "thumbnail_url": "https://i.ytimg.com/vi/t18YB3xDfXI/hqdefault.jpg", "thumbnail_height": 360, "author_url": "https://www.youtube.com/channel/UC5AMiWqFVFxF1q9Ya1FuZ_Q"}}, "is_reddit_media_domain": false, "is_meta": false, "category": null, "secure_media_embed": {"content": "&lt;iframe width=\"600\" height=\"338\" src=\"https://www.youtube.com/embed/t18YB3xDfXI?feature=oembed&amp;enablejsapi=1\" frameborder=\"0\" allow=\"accelerometer; autoplay; encrypted-media; gyroscope; picture-in-picture\" allowfullscreen&gt;&lt;/iframe&gt;", "width": 600, "scrolling": false, "media_domain_url": "https://www.redditmedia.com/mediaembed/ds5b4v", "height": 338}, "link_flair_text": null, "can_mod_post": false, "score": 77, "approved_by": null, "thumbnail": "", "edited": false, "author_flair_css_class": null, "steward_reports": [], "author_flair_richtext": [], "gildings": {}, "content_categories": null, "is_self": false, "mod_note": null, "created": 1573015680.0, "link_flair_type": "text", "wls": 6, "banned_by": null, "author_flair_type": "text", "domain": "youtu.be", "allow_live_comments": false, "selftext_html": null, "likes": null, "suggested_sort": null, "banned_at_utc": null, "view_count": null, "archived": false, "no_follow": false, "is_crosspostable": false, "pinned": false, "over_18": false, "all_awardings": [], "awarders": [], "media_only": false, "can_gild": false, "spoiler": false, "locked": false, "author_flair_text": null, "visited": false, "num_reports": null, "distinguished": null, "subreddit_id": "t5_2fwo", "mod_reason_by": null, "removal_reason": null, "link_flair_background_color": "", "id": "ds5b4v", "is_robot_indexable": true, "report_reasons": null, "author": "reverentgeek", "discussion_type": null, "media": {"type": "youtube.com", "oembed": {"provider_url": "https://www.youtube.com/", "version": "1.0", "title": "An Illustrated Guide to OAuth and OpenID Connect", "type": "video", "thumbnail_width": 480, "height": 338, "width": 600, "html": "&lt;iframe width=\"600\" height=\"338\" src=\"https://www.youtube.com/embed/t18YB3xDfXI?feature=oembed&amp;enablejsapi=1\" frameborder=\"0\" allow=\"accelerometer; autoplay; encrypted-media; gyroscope; picture-in-picture\" allowfullscreen&gt;&lt;/iframe&gt;", "author_name": "OktaDev", "provider_name": "YouTube", "thumbnail_url": "https://i.ytimg.com/vi/t18YB3xDfXI/hqdefault.jpg", "thumbnail_height": 360, "author_url": "https://www.youtube.com/channel/UC5AMiWqFVFxF1q9Ya1FuZ_Q"}}, "send_replies": true, "whitelist_status": "all_ads", "contest_mode": false, "mod_reports": [], "author_patreon_flair": false, "author_flair_text_color": null, "permalink": "/r/programming/comments/ds5b4v/an_illustrated_guide_to_oauth_and_openid_connect/", "parent_whitelist_status": "all_ads", "stickied": false, "url": "https://youtu.be/t18YB3xDfXI", "subreddit_subscribers": 2317075, "created_utc": 1572986880.0, "num_crossposts": 0, "num_comments": 1, "is_video": false}}, {"kind": "t3", "data": {"approved_at_utc": null, "subreddit": "programming", "selftext": "", "author_fullname": "t2_16mcomqk", "saved": false, "mod_reason_title": null, "gilded": 1, "clicked": false, "title": "I made my boyfriend a Choose Your Own Adventure game to ask him to marry me. Probably a little ambitious for my first project...", "link_flair_richtext": [], "subreddit_name_prefixed": "r/programming", "hidden": false, "pwls": 6, "link_flair_css_class": null, "downs": 0, "hide_score": false, "name": "t3_drsv7i", "quarantine": false, "link_flair_text_color": "dark", "author_flair_background_color": null, "subreddit_type": "public", "ups": 2138, "total_awards_received": 1, "media_embed": {}, "author_flair_template_id": null, "is_original_content": false, "user_reports": [], "secure_media": {"reddit_video": {"fallback_url": "https://v.redd.it/fj8wuh7w4sw31/DASH_480?source=fallback", "height": 454, "width": 854, "scrubber_media_url": "https://v.redd.it/fj8wuh7w4sw31/DASH_96", "dash_url": "https://v.redd.it/fj8wuh7w4sw31/DASHPlaylist.mpd", "duration": 32, "hls_url": "https://v.redd.it/fj8wuh7w4sw31/HLSPlaylist.m3u8", "is_gif": false, "transcoding_status": "completed"}}, "is_reddit_media_domain": true, "is_meta": false, "category": null, "secure_media_embed": {}, "link_flair_text": null, "can_mod_post": false, "score": 2138, "approved_by": null, "thumbnail": "", "edited": false, "author_flair_css_class": null, "steward_reports": [], "author_flair_richtext": [], "gildings": {"gid_2": 1}, "content_categories": null, "is_self": false, "mod_note": null, "created": 1572950481.0, "link_flair_type": "text", "wls": 6, "banned_by": null, "author_flair_type": "text", "domain": "v.redd.it", "allow_live_comments": true, "selftext_html": null, "likes": null, "suggested_sort": null, "banned_at_utc": null, "view_count": null, "archived": false, "no_follow": false, "is_crosspostable": false, "pinned": false, "over_18": false, "all_awardings": [{"count": 1, "is_enabled": true, "subreddit_id": null, "description": "Gives the author a week of Reddit Premium, %{coin_symbol}100 Coins to do with as they please, and shows a Gold Award.", "end_date": null, "coin_reward": 100, "icon_url": "https://www.redditstatic.com/gold/awards/icon/gold_512.png", "days_of_premium": 7, "id": "gid_2", "icon_height": 512, "resized_icons": [{"url": "https://www.redditstatic.com/gold/awards/icon/gold_16.png", "width": 16, "height": 16}, {"url": "https://www.redditstatic.com/gold/awards/icon/gold_32.png", "width": 32, "height": 32}, {"url": "https://www.redditstatic.com/gold/awards/icon/gold_48.png", "width": 48, "height": 48}, {"url": "https://www.redditstatic.com/gold/awards/icon/gold_64.png", "width": 64, "height": 64}, {"url": "https://www.redditstatic.com/gold/awards/icon/gold_128.png", "width": 128, "height": 128}], "days_of_drip_extension": 0, "award_type": "global", "start_date": null, "coin_price": 500, "icon_width": 512, "subreddit_coin_reward": 0, "name": "Gold"}], "awarders": ["Akira71"], "media_only": false, "can_gild": false, "spoiler": false, "locked": false, "author_flair_text": null, "visited": false, "num_reports": null, "distinguished": null, "subreddit_id": "t5_2fwo", "mod_reason_by": null, "removal_reason": null, "link_flair_background_color": "", "id": "drsv7i", "is_robot_indexable": true, "report_reasons": null, "author": "btitor", "discussion_type": null, "media": {"reddit_video": {"fallback_url": "https://v.redd.it/fj8wuh7w4sw31/DASH_480?source=fallback", "height": 454, "width": 854, "scrubber_media_url": "https://v.redd.it/fj8wuh7w4sw31/DASH_96", "dash_url": "https://v.redd.it/fj8wuh7w4sw31/DASHPlaylist.mpd", "duration": 32, "hls_url": "https://v.redd.it/fj8wuh7w4sw31/HLSPlaylist.m3u8", "is_gif": false, "transcoding_status": "completed"}}, "send_replies": true, "whitelist_status": "all_ads", "contest_mode": false, "mod_reports": [], "author_patreon_flair": false, "author_flair_text_color": null, "permalink": "/r/programming/comments/drsv7i/i_made_my_boyfriend_a_choose_your_own_adventure/", "parent_whitelist_status": "all_ads", "stickied": false, "url": "https://v.redd.it/fj8wuh7w4sw31", "subreddit_subscribers": 2317075, "created_utc": 1572921681.0, "num_crossposts": 0, "num_comments": 104, "is_video": true}}, {"kind": "t3", "data": {"approved_at_utc": null, "subreddit": "programming", "selftext": "", "author_fullname": "t2_4m5cw", "saved": false, "mod_reason_title": null, "gilded": 0, "clicked": false, "title": "Adding a (predictable) branch to existing code can increase branch mispredictions", "link_flair_richtext": [], "subreddit_name_prefixed": "r/programming", "hidden": false, "pwls": 6, "link_flair_css_class": null, "downs": 0, "hide_score": false, "name": "t3_dsdlg4", "quarantine": false, "link_flair_text_color": "dark", "author_flair_background_color": null, "subreddit_type": "public", "ups": 6, "total_awards_received": 0, "media_embed": {}, "author_flair_template_id": null, "is_original_content": false, "user_reports": [], "secure_media": null, "is_reddit_media_domain": false, "is_meta": false, "category": null, "secure_media_embed": {}, "link_flair_text": null, "can_mod_post": false, "score": 6, "approved_by": null, "thumbnail": "", "edited": false, "author_flair_css_class": null, "steward_reports": [], "author_flair_richtext": [], "gildings": {}, "content_categories": null, "is_self": false, "mod_note": null, "created": 1573058712.0, "link_flair_type": "text", "wls": 6, "banned_by": null, "author_flair_type": "text", "domain": "lemire.me", "allow_live_comments": false, "selftext_html": null, "likes": null, "suggested_sort": null, "banned_at_utc": null, "view_count": null, "archived": false, "no_follow": false, "is_crosspostable": false, "pinned": false, "over_18": false, "all_awardings": [], "awarders": [], "media_only": false, "can_gild": false, "spoiler": false, "locked": false, "author_flair_text": null, "visited": false, "num_reports": null, "distinguished": null, "subreddit_id": "t5_2fwo", "mod_reason_by": null, "removal_reason": null, "link_flair_background_color": "", "id": "dsdlg4", "is_robot_indexable": true, "report_reasons": null, "author": "turol", "discussion_type": null, "media": null, "send_replies": false, "whitelist_status": "all_ads", "contest_mode": false, "mod_reports": [], "author_patreon_flair": false, "author_flair_text_color": null, "permalink": "/r/programming/comments/dsdlg4/adding_a_predictable_branch_to_existing_code_can/", "parent_whitelist_status": "all_ads", "stickied": false, "url": "https://lemire.me/blog/2019/11/06/adding-a-predictable-branch-to-existing-code-can-increase-branch-mispredictions/", "subreddit_subscribers": 2317075, "created_utc": 1573029912.0, "num_crossposts": 0, "num_comments": 0, "is_video": false}}, {"kind": "t3", "data": {"approved_at_utc": null, "subreddit": "programming", "selftext": "", "author_fullname": "t2_6gkbb", "saved": false, "mod_reason_title": null, "gilded": 0, "clicked": false, "title": "Base64 encoding and decoding at almost the speed of a memory copy", "link_flair_richtext": [], "subreddit_name_prefixed": "r/programming", "hidden": false, "pwls": 6, "link_flair_css_class": null, "downs": 0, "hide_score": false, "name": "t3_ds58ac", "quarantine": false, "link_flair_text_color": "dark", "author_flair_background_color": null, "subreddit_type": "public", "ups": 56, "total_awards_received": 0, "media_embed": {}, "author_flair_template_id": null, "is_original_content": false, "user_reports": [], "secure_media": null, "is_reddit_media_domain": false, "is_meta": false, "category": null, "secure_media_embed": {}, "link_flair_text": null, "can_mod_post": false, "score": 56, "approved_by": null, "thumbnail": "", "edited": false, "author_flair_css_class": null, "steward_reports": [], "author_flair_richtext": [], "gildings": {}, "content_categories": null, "is_self": false, "mod_note": null, "created": 1573015338.0, "link_flair_type": "text", "wls": 6, "banned_by": null, "author_flair_type": "text", "domain": "arxiv.org", "allow_live_comments": false, "selftext_html": null, "likes": null, "suggested_sort": null, "banned_at_utc": null, "view_count": null, "archived": false, "no_follow": false, "is_crosspostable": false, "pinned": false, "over_18": false, "all_awardings": [], "awarders": [], "media_only": false, "can_gild": false, "spoiler": false, "locked": false, "author_flair_text": null, "visited": false, "num_reports": null, "distinguished": null, "subreddit_id": "t5_2fwo", "mod_reason_by": null, "removal_reason": null, "link_flair_background_color": "", "id": "ds58ac", "is_robot_indexable": true, "report_reasons": null, "author": "mttd", "discussion_type": null, "media": null, "send_replies": false, "whitelist_status": "all_ads", "contest_mode": false, "mod_reports": [], "author_patreon_flair": false, "author_flair_text_color": null, "permalink": "/r/programming/comments/ds58ac/base64_encoding_and_decoding_at_almost_the_speed/", "parent_whitelist_status": "all_ads", "stickied": false, "url": "https://arxiv.org/abs/1910.05109", "subreddit_subscribers": 2317075, "created_utc": 1572986538.0, "num_crossposts": 0, "num_comments": 46, "is_video": false}}, {"kind": "t3", "data": {"approved_at_utc": null, "subreddit": "programming", "selftext": "", "author_fullname": "t2_fid2r", "saved": false, "mod_reason_title": null, "gilded": 0, "clicked": false, "title": ".NET Core 3 for Windows Desktop", "link_flair_richtext": [], "subreddit_name_prefixed": "r/programming", "hidden": false, "pwls": 6, "link_flair_css_class": null, "downs": 0, "hide_score": false, "name": "t3_ds0bcm", "quarantine": false, "link_flair_text_color": "dark", "author_flair_background_color": null, "subreddit_type": "public", "ups": 161, "total_awards_received": 0, "media_embed": {}, "author_flair_template_id": null, "is_original_content": false, "user_reports": [], "secure_media": null, "is_reddit_media_domain": false, "is_meta": false, "category": null, "secure_media_embed": {}, "link_flair_text": null, "can_mod_post": false, "score": 161, "approved_by": null, "thumbnail": "", "edited": false, "author_flair_css_class": null, "steward_reports": [], "author_flair_richtext": [], "gildings": {}, "content_categories": null, "is_self": false, "mod_note": null, "created": 1572994852.0, "link_flair_type": "text", "wls": 6, "banned_by": null, "author_flair_type": "text", "domain": "devblogs.microsoft.com", "allow_live_comments": false, "selftext_html": null, "likes": null, "suggested_sort": null, "banned_at_utc": null, "view_count": null, "archived": false, "no_follow": false, "is_crosspostable": false, "pinned": false, "over_18": false, "all_awardings": [], "awarders": [], "media_only": false, "can_gild": false, "spoiler": false, "locked": false, "author_flair_text": null, "visited": false, "num_reports": null, "distinguished": null, "subreddit_id": "t5_2fwo", "mod_reason_by": null, "removal_reason": null, "link_flair_background_color": "", "id": "ds0bcm", "is_robot_indexable": true, "report_reasons": null, "author": "ben_a_adams", "discussion_type": null, "media": null, "send_replies": true, "whitelist_status": "all_ads", "contest_mode": false, "mod_reports": [], "author_patreon_flair": false, "author_flair_text_color": null, "permalink": "/r/programming/comments/ds0bcm/net_core_3_for_windows_desktop/", "parent_whitelist_status": "all_ads", "stickied": false, "url": "https://devblogs.microsoft.com/dotnet/net-core-3-for-windows-desktop/", "subreddit_subscribers": 2317075, "created_utc": 1572966052.0, "num_crossposts": 0, "num_comments": 85, "is_video": false}}, {"kind": "t3", "data": {"approved_at_utc": null, "subreddit": "programming", "selftext": "", "author_fullname": "t2_1al6qxe8", "saved": false, "mod_reason_title": null, "gilded": 0, "clicked": false, "title": "Magic: The Gathering is Turing Complete", "link_flair_richtext": [], "subreddit_name_prefixed": "r/programming", "hidden": false, "pwls": 6, "link_flair_css_class": null, "downs": 0, "hide_score": false, "name": "t3_drzy9g", "quarantine": false, "link_flair_text_color": "dark", "author_flair_background_color": null, "subreddit_type": "public", "ups": 66, "total_awards_received": 0, "media_embed": {"content": "&lt;iframe width=\"600\" height=\"338\" src=\"https://www.youtube.com/embed/pdmODVYPDLA?feature=oembed&amp;enablejsapi=1\" frameborder=\"0\" allow=\"accelerometer; autoplay; encrypted-media; gyroscope; picture-in-picture\" allowfullscreen&gt;&lt;/iframe&gt;", "width": 600, "scrolling": false, "height": 338}, "author_flair_template_id": null, "is_original_content": false, "user_reports": [], "secure_media": {"type": "youtube.com", "oembed": {"provider_url": "https://www.youtube.com/", "version": "1.0", "title": "I Built a COMPUTER in Magic: The Gathering", "type": "video", "thumbnail_width": 480, "height": 338, "width": 600, "html": "&lt;iframe width=\"600\" height=\"338\" src=\"https://www.youtube.com/embed/pdmODVYPDLA?feature=oembed&amp;enablejsapi=1\" frameborder=\"0\" allow=\"accelerometer; autoplay; encrypted-media; gyroscope; picture-in-picture\" allowfullscreen&gt;&lt;/iframe&gt;", "author_name": "Because Science", "provider_name": "YouTube", "thumbnail_url": "https://i.ytimg.com/vi/pdmODVYPDLA/hqdefault.jpg", "thumbnail_height": 360, "author_url": "https://www.youtube.com/channel/UCvG04Y09q0HExnIjdgaqcDQ"}}, "is_reddit_media_domain": false, "is_meta": false, "category": null, "secure_media_embed": {"content": "&lt;iframe width=\"600\" height=\"338\" src=\"https://www.youtube.com/embed/pdmODVYPDLA?feature=oembed&amp;enablejsapi=1\" frameborder=\"0\" allow=\"accelerometer; autoplay; encrypted-media; gyroscope; picture-in-picture\" allowfullscreen&gt;&lt;/iframe&gt;", "width": 600, "scrolling": false, "media_domain_url": "https://www.redditmedia.com/mediaembed/drzy9g", "height": 338}, "link_flair_text": null, "can_mod_post": false, "score": 66, "approved_by": null, "thumbnail": "", "edited": false, "author_flair_css_class": null, "steward_reports": [], "author_flair_richtext": [], "gildings": {}, "content_categories": null, "is_self": false, "mod_note": null, "created": 1572993259.0, "link_flair_type": "text", "wls": 6, "banned_by": null, "author_flair_type": "text", "domain": "youtube.com", "allow_live_comments": false, "selftext_html": null, "likes": null, "suggested_sort": null, "banned_at_utc": null, "view_count": null, "archived": false, "no_follow": false, "is_crosspostable": false, "pinned": false, "over_18": false, "all_awardings": [], "awarders": [], "media_only": false, "can_gild": false, "spoiler": false, "locked": false, "author_flair_text": null, "visited": false, "num_reports": null, "distinguished": null, "subreddit_id": "t5_2fwo", "mod_reason_by": null, "removal_reason": null, "link_flair_background_color": "", "id": "drzy9g", "is_robot_indexable": true, "report_reasons": null, "author": "XXXXXXXsdadsada", "discussion_type": null, "media": {"type": "youtube.com", "oembed": {"provider_url": "https://www.youtube.com/", "version": "1.0", "title": "I Built a COMPUTER in Magic: The Gathering", "type": "video", "thumbnail_width": 480, "height": 338, "width": 600, "html": "&lt;iframe width=\"600\" height=\"338\" src=\"https://www.youtube.com/embed/pdmODVYPDLA?feature=oembed&amp;enablejsapi=1\" frameborder=\"0\" allow=\"accelerometer; autoplay; encrypted-media; gyroscope; picture-in-picture\" allowfullscreen&gt;&lt;/iframe&gt;", "author_name": "Because Science", "provider_name": "YouTube", "thumbnail_url": "https://i.ytimg.com/vi/pdmODVYPDLA/hqdefault.jpg", "thumbnail_height": 360, "author_url": "https://www.youtube.com/channel/UCvG04Y09q0HExnIjdgaqcDQ"}}, "send_replies": true, "whitelist_status": "all_ads", "contest_mode": false, "mod_reports": [], "author_patreon_flair": false, "author_flair_text_color": null, "permalink": "/r/programming/comments/drzy9g/magic_the_gathering_is_turing_complete/", "parent_whitelist_status": "all_ads", "stickied": false, "url": "https://www.youtube.com/watch?v=pdmODVYPDLA", "subreddit_subscribers": 2317075, "created_utc": 1572964459.0, "num_crossposts": 0, "num_comments": 11, "is_video": false}}, {"kind": "t3", "data": {"approved_at_utc": null, "subreddit": "programming", "selftext": "", "author_fullname": "t2_5vrgy", "saved": false, "mod_reason_title": null, "gilded": 0, "clicked": false, "title": "stack-inspector: A gdb command to inspect the size of objects on the stack", "link_flair_richtext": [], "subreddit_name_prefixed": "r/programming", "hidden": false, "pwls": 6, "link_flair_css_class": null, "downs": 0, "hide_score": false, "name": "t3_dscstp", "quarantine": false, "link_flair_text_color": "dark", "author_flair_background_color": null, "subreddit_type": "public", "ups": 2, "total_awards_received": 0, "media_embed": {}, "author_flair_template_id": null, "is_original_content": false, "user_reports": [], "secure_media": null, "is_reddit_media_domain": false, "is_meta": false, "category": null, "secure_media_embed": {}, "link_flair_text": null, "can_mod_post": false, "score": 2, "approved_by": null, "thumbnail": "", "edited": false, "author_flair_css_class": null, "steward_reports": [], "author_flair_richtext": [], "gildings": {}, "content_categories": null, "is_self": false, "mod_note": null, "created": 1573053141.0, "link_flair_type": "text", "wls": 6, "banned_by": null, "author_flair_type": "text", "domain": "github.com", "allow_live_comments": false, "selftext_html": null, "likes": null, "suggested_sort": null, "banned_at_utc": null, "view_count": null, "archived": false, "no_follow": false, "is_crosspostable": false, "pinned": false, "over_18": false, "all_awardings": [], "awarders": [], "media_only": false, "can_gild": false, "spoiler": false, "locked": false, "author_flair_text": null, "visited": false, "num_reports": null, "distinguished": null, "subreddit_id": "t5_2fwo", "mod_reason_by": null, "removal_reason": null, "link_flair_background_color": "", "id": "dscstp", "is_robot_indexable": true, "report_reasons": null, "author": "sharkdp", "discussion_type": null, "media": null, "send_replies": true, "whitelist_status": "all_ads", "contest_mode": false, "mod_reports": [], "author_patreon_flair": false, "author_flair_text_color": null, "permalink": "/r/programming/comments/dscstp/stackinspector_a_gdb_command_to_inspect_the_size/", "parent_whitelist_status": "all_ads", "stickied": false, "url": "https://github.com/sharkdp/stack-inspector", "subreddit_subscribers": 2317075, "created_utc": 1573024341.0, "num_crossposts": 0, "num_comments": 0, "is_video": false}}, {"kind": "t3", "data": {"approved_at_utc": null, "subreddit": "programming", "selftext": "", "author_fullname": "t2_yqqwr", "saved": false, "mod_reason_title": null, "gilded": 0, "clicked": false, "title": "Zstandard v1.4.4 - Faster than ever", "link_flair_richtext": [], "subreddit_name_prefixed": "r/programming", "hidden": false, "pwls": 6, "link_flair_css_class": null, "downs": 0, "hide_score": false, "name": "t3_ds4kgg", "quarantine": false, "link_flair_text_color": "dark", "author_flair_background_color": null, "subreddit_type": "public", "ups": 13, "total_awards_received": 0, "media_embed": {}, "author_flair_template_id": null, "is_original_content": false, "user_reports": [], "secure_media": null, "is_reddit_media_domain": false, "is_meta": false, "category": null, "secure_media_embed": {}, "link_flair_text": null, "can_mod_post": false, "score": 13, "approved_by": null, "thumbnail": "", "edited": false, "author_flair_css_class": null, "steward_reports": [], "author_flair_richtext": [], "gildings": {}, "content_categories": null, "is_self": false, "mod_note": null, "created": 1573012519.0, "link_flair_type": "text", "wls": 6, "banned_by": null, "author_flair_type": "text", "domain": "github.com", "allow_live_comments": false, "selftext_html": null, "likes": null, "suggested_sort": null, "banned_at_utc": null, "view_count": null, "archived": false, "no_follow": false, "is_crosspostable": false, "pinned": false, "over_18": false, "all_awardings": [], "awarders": [], "media_only": false, "can_gild": false, "spoiler": false, "locked": false, "author_flair_text": null, "visited": false, "num_reports": null, "distinguished": null, "subreddit_id": "t5_2fwo", "mod_reason_by": null, "removal_reason": null, "link_flair_background_color": "", "id": "ds4kgg", "is_robot_indexable": true, "report_reasons": null, "author": "nick_terrell", "discussion_type": null, "media": null, "send_replies": true, "whitelist_status": "all_ads", "contest_mode": false, "mod_reports": [], "author_patreon_flair": false, "author_flair_text_color": null, "permalink": "/r/programming/comments/ds4kgg/zstandard_v144_faster_than_ever/", "parent_whitelist_status": "all_ads", "stickied": false, "url": "https://github.com/facebook/zstd/releases/tag/v1.4.4", "subreddit_subscribers": 2317075, "created_utc": 1572983719.0, "num_crossposts": 0, "num_comments": 1, "is_video": false}}, {"kind": "t3", "data": {"approved_at_utc": null, "subreddit": "programming", "selftext": "", "author_fullname": "t2_68alk", "saved": false, "mod_reason_title": null, "gilded": 0, "clicked": false, "title": "Full List of JavaScript Conferences 2020 [37 Events]", "link_flair_richtext": [], "subreddit_name_prefixed": "r/programming", "hidden": false, "pwls": 6, "link_flair_css_class": null, "downs": 0, "hide_score": true, "name": "t3_dsef2r", "quarantine": false, "link_flair_text_color": "dark", "author_flair_background_color": null, "subreddit_type": "public", "ups": 0, "total_awards_received": 0, "media_embed": {}, "author_flair_template_id": null, "is_original_content": false, "user_reports": [], "secure_media": null, "is_reddit_media_domain": false, "is_meta": false, "category": null, "secure_media_embed": {}, "link_flair_text": null, "can_mod_post": false, "score": 0, "approved_by": null, "thumbnail": "", "edited": false, "author_flair_css_class": null, "steward_reports": [], "author_flair_richtext": [], "gildings": {}, "content_categories": null, "is_self": false, "mod_note": null, "created": 1573064517.0, "link_flair_type": "text", "wls": 6, "banned_by": null, "author_flair_type": "text", "domain": "blog.soshace.com", "allow_live_comments": false, "selftext_html": null, "likes": null, "suggested_sort": null, "banned_at_utc": null, "view_count": null, "archived": false, "no_follow": true, "is_crosspostable": false, "pinned": false, "over_18": false, "all_awardings": [], "awarders": [], "media_only": false, "can_gild": false, "spoiler": false, "locked": false, "author_flair_text": null, "visited": false, "num_reports": null, "distinguished": null, "subreddit_id": "t5_2fwo", "mod_reason_by": null, "removal_reason": null, "link_flair_background_color": "", "id": "dsef2r", "is_robot_indexable": true, "report_reasons": null, "author": "marylai22", "discussion_type": null, "media": null, "send_replies": true, "whitelist_status": "all_ads", "contest_mode": false, "mod_reports": [], "author_patreon_flair": false, "author_flair_text_color": null, "permalink": "/r/programming/comments/dsef2r/full_list_of_javascript_conferences_2020_37_events/", "parent_whitelist_status": "all_ads", "stickied": false, "url": "https://blog.soshace.com/en/events/list-of-js-conferences/", "subreddit_subscribers": 2317075, "created_utc": 1573035717.0, "num_crossposts": 0, "num_comments": 0, "is_video": false}}, {"kind": "t3", "data": {"approved_at_utc": null, "subreddit": "programming", "selftext": "", "author_fullname": "t2_1zbbg85j", "saved": false, "mod_reason_title": null, "gilded": 0, "clicked": false, "title": "Easy Topic Classifier on iOS with Apple\u2019s Natural Language Framework", "link_flair_richtext": [], "subreddit_name_prefixed": "r/programming", "hidden": false, "pwls": 6, "link_flair_css_class": null, "downs": 0, "hide_score": true, "name": "t3_dsecxk", "quarantine": false, "link_flair_text_color": "dark", "author_flair_background_color": null, "subreddit_type": "public", "ups": 0, "total_awards_received": 0, "media_embed": {}, "author_flair_template_id": null, "is_original_content": false, "user_reports": [], "secure_media": null, "is_reddit_media_domain": false, "is_meta": false, "category": null, "secure_media_embed": {}, "link_flair_text": null, "can_mod_post": false, "score": 0, "approved_by": null, "thumbnail": "", "edited": false, "author_flair_css_class": null, "steward_reports": [], "author_flair_richtext": [], "gildings": {}, "content_categories": null, "is_self": false, "mod_note": null, "created": 1573064122.0, "link_flair_type": "text", "wls": 6, "banned_by": null, "author_flair_type": "text", "domain": "heartbeat.fritz.ai", "allow_live_comments": false, "selftext_html": null, "likes": null, "suggested_sort": null, "banned_at_utc": null, "view_count": null, "archived": false, "no_follow": true, "is_crosspostable": false, "pinned": false, "over_18": false, "all_awardings": [], "awarders": [], "media_only": false, "can_gild": false, "spoiler": false, "locked": false, "author_flair_text": null, "visited": false, "num_reports": null, "distinguished": null, "subreddit_id": "t5_2fwo", "mod_reason_by": null, "removal_reason": null, "link_flair_background_color": "", "id": "dsecxk", "is_robot_indexable": true, "report_reasons": null, "author": "omarmhaimdat", "discussion_type": null, "media": null, "send_replies": true, "whitelist_status": "all_ads", "contest_mode": false, "mod_reports": [], "author_patreon_flair": false, "author_flair_text_color": null, "permalink": "/r/programming/comments/dsecxk/easy_topic_classifier_on_ios_with_apples_natural/", "parent_whitelist_status": "all_ads", "stickied": false, "url": "https://heartbeat.fritz.ai/easy-topic-classifier-on-ios-with-apples-natural-language-framework-f9825143ecdb", "subreddit_subscribers": 2317075, "created_utc": 1573035322.0, "num_crossposts": 0, "num_comments": 0, "is_video": false}}, {"kind": "t3", "data": {"approved_at_utc": null, "subreddit": "programming", "selftext": "", "author_fullname": "t2_6mp4pcv", "saved": false, "mod_reason_title": null, "gilded": 0, "clicked": false, "title": "IOT#3 Arduino Mega - Obstacle Detection using IR Sensor | Tutorial | Source code | Video | APDaga | DumpBox", "link_flair_richtext": [], "subreddit_name_prefixed": "r/programming", "hidden": false, "pwls": 6, "link_flair_css_class": null, "downs": 0, "hide_score": true, "name": "t3_dse2n3", "quarantine": false, "link_flair_text_color": "dark", "author_flair_background_color": null, "subreddit_type": "public", "ups": 1, "total_awards_received": 0, "media_embed": {}, "author_flair_template_id": null, "is_original_content": false, "user_reports": [], "secure_media": null, "is_reddit_media_domain": false, "is_meta": false, "category": null, "secure_media_embed": {}, "link_flair_text": null, "can_mod_post": false, "score": 1, "approved_by": null, "thumbnail": "", "edited": false, "author_flair_css_class": null, "steward_reports": [], "author_flair_richtext": [], "gildings": {}, "content_categories": null, "is_self": false, "mod_note": null, "crosspost_parent_list": [{"approved_at_utc": null, "subreddit": "APDaga", "selftext": "", "author_fullname": "t2_6mp4pcv", "saved": false, "mod_reason_title": null, "gilded": 0, "clicked": false, "title": "IOT#3 Arduino Mega - Obstacle Detection using IR Sensor | Tutorial | Source code | Video | APDaga | DumpBox", "link_flair_richtext": [{"e": "text", "t": "Internet of Things (IOT), Arduino, Tutorial, Source Code, Video"}], "subreddit_name_prefixed": "r/APDaga", "hidden": false, "pwls": null, "link_flair_css_class": "", "downs": 0, "hide_score": false, "name": "t3_b1ckrv", "quarantine": false, "link_flair_text_color": "light", "author_flair_background_color": null, "subreddit_type": "restricted", "ups": 1, "total_awards_received": 0, "media_embed": {"content": "&lt;iframe width=\"600\" height=\"338\" src=\"https://www.youtube.com/embed/Xkwc2Li03f0?feature=oembed&amp;enablejsapi=1\" frameborder=\"0\" allow=\"accelerometer; autoplay; encrypted-media; gyroscope; picture-in-picture\" allowfullscreen&gt;&lt;/iframe&gt;", "width": 600, "scrolling": false, "height": 338}, "author_flair_template_id": null, "is_original_content": true, "user_reports": [], "secure_media": {"oembed": {"provider_url": "https://www.youtube.com/", "version": "1.0", "title": "IOT#3 Arduino Mega - Obstacle Detection using IR Sensor | APDaga | DumpBox", "type": "video", "author_name": "APDaga's DumpBox", "height": 338, "width": 600, "html": "&lt;iframe width=\"600\" height=\"338\" src=\"https://www.youtube.com/embed/Xkwc2Li03f0?feature=oembed&amp;enablejsapi=1\" frameborder=\"0\" allow=\"accelerometer; autoplay; encrypted-media; gyroscope; picture-in-picture\" allowfullscreen&gt;&lt;/iframe&gt;", "thumbnail_width": 480, "thumbnail_height": 360, "thumbnail_url": "https://i.ytimg.com/vi/Xkwc2Li03f0/hqdefault.jpg", "provider_name": "YouTube", "author_url": "https://www.youtube.com/channel/UCdqi2T1hTx4Kt-_M6Qe1ZLg"}, "type": "youtube.com"}, "is_reddit_media_domain": false, "is_meta": false, "category": null, "secure_media_embed": {"content": "&lt;iframe width=\"600\" height=\"338\" src=\"https://www.youtube.com/embed/Xkwc2Li03f0?feature=oembed&amp;enablejsapi=1\" frameborder=\"0\" allow=\"accelerometer; autoplay; encrypted-media; gyroscope; picture-in-picture\" allowfullscreen&gt;&lt;/iframe&gt;", "width": 600, "scrolling": false, "media_domain_url": "https://www.redditmedia.com/mediaembed/b1ckrv", "height": 338}, "link_flair_text": "Internet of Things (IOT), Arduino, Tutorial, Source Code, Video", "can_mod_post": false, "score": 1, "approved_by": null, "thumbnail": "", "edited": false, "author_flair_css_class": null, "steward_reports": [], "author_flair_richtext": [], "gildings": {}, "content_categories": null, "is_self": false, "mod_note": null, "created": 1552669341.0, "link_flair_type": "richtext", "wls": null, "banned_by": null, "author_flair_type": "text", "domain": "youtube.com", "allow_live_comments": false, "selftext_html": null, "likes": null, "suggested_sort": null, "banned_at_utc": null, "view_count": null, "archived": true, "no_follow": true, "is_crosspostable": false, "pinned": false, "over_18": false, "all_awardings": [], "awarders": [], "media_only": false, "link_flair_template_id": "cc78f098-4696-11e9-b2a6-0efdce5af57c", "can_gild": false, "spoiler": false, "locked": false, "author_flair_text": null, "visited": false, "num_reports": null, "distinguished": null, "subreddit_id": "t5_y3ftp", "mod_reason_by": null, "removal_reason": null, "link_flair_background_color": "#7193ff", "id": "b1ckrv", "is_robot_indexable": true, "report_reasons": null, "author": "apdaga", "discussion_type": null, "media": {"oembed": {"provider_url": "https://www.youtube.com/", "version": "1.0", "title": "IOT#3 Arduino Mega - Obstacle Detection using IR Sensor | APDaga | DumpBox", "type": "video", "author_name": "APDaga's DumpBox", "height": 338, "width": 600, "html": "&lt;iframe width=\"600\" height=\"338\" src=\"https://www.youtube.com/embed/Xkwc2Li03f0?feature=oembed&amp;enablejsapi=1\" frameborder=\"0\" allow=\"accelerometer; autoplay; encrypted-media; gyroscope; picture-in-picture\" allowfullscreen&gt;&lt;/iframe&gt;", "thumbnail_width": 480, "thumbnail_height": 360, "thumbnail_url": "https://i.ytimg.com/vi/Xkwc2Li03f0/hqdefault.jpg", "provider_name": "YouTube", "author_url": "https://www.youtube.com/channel/UCdqi2T1hTx4Kt-_M6Qe1ZLg"}, "type": "youtube.com"}, "send_replies": true, "whitelist_status": null, "contest_mode": false, "mod_reports": [], "author_patreon_flair": false, "author_flair_text_color": null, "permalink": "/r/APDaga/comments/b1ckrv/iot3_arduino_mega_obstacle_detection_using_ir/", "parent_whitelist_status": null, "stickied": false, "url": "https://www.youtube.com/watch?v=Xkwc2Li03f0", "subreddit_subscribers": 27, "created_utc": 1552640541.0, "num_crossposts": 6, "num_comments": 1, "is_video": false}], "created": 1573062107.0, "link_flair_type": "text", "wls": 6, "banned_by": null, "author_flair_type": "text", "domain": "youtube.com", "allow_live_comments": false, "selftext_html": null, "likes": null, "suggested_sort": null, "banned_at_utc": null, "view_count": null, "archived": false, "no_follow": true, "is_crosspostable": false, "pinned": false, "over_18": false, "all_awardings": [], "awarders": [], "media_only": false, "can_gild": false, "spoiler": false, "locked": false, "author_flair_text": null, "visited": false, "num_reports": null, "distinguished": null, "subreddit_id": "t5_2fwo", "mod_reason_by": null, "removal_reason": null, "link_flair_background_color": "", "id": "dse2n3", "is_robot_indexable": true, "report_reasons": null, "author": "apdaga", "discussion_type": null, "media": null, "send_replies": true, "whitelist_status": "all_ads", "contest_mode": false, "mod_reports": [], "author_patreon_flair": false, "crosspost_parent": "t3_b1ckrv", "author_flair_text_color": null, "permalink": "/r/programming/comments/dse2n3/iot3_arduino_mega_obstacle_detection_using_ir/", "parent_whitelist_status": "all_ads", "stickied": false, "url": "https://www.youtube.com/watch?v=Xkwc2Li03f0", "subreddit_subscribers": 2317075, "created_utc": 1573033307.0, "num_crossposts": 0, "num_comments": 0, "is_video": false}}, {"kind": "t3", "data": {"approved_at_utc": null, "subreddit": "programming", "selftext": "", "author_fullname": "t2_108taw", "saved": false, "mod_reason_title": null, "gilded": 0, "clicked": false, "title": "Self-hosted runners for GitHub Actions is now in beta", "link_flair_richtext": [], "subreddit_name_prefixed": "r/programming", "hidden": false, "pwls": 6, "link_flair_css_class": null, "downs": 0, "hide_score": false, "name": "t3_ds6e8w", "quarantine": false, "link_flair_text_color": "dark", "author_flair_background_color": null, "subreddit_type": "public", "ups": 8, "total_awards_received": 0, "media_embed": {}, "author_flair_template_id": null, "is_original_content": false, "user_reports": [], "secure_media": null, "is_reddit_media_domain": false, "is_meta": false, "category": null, "secure_media_embed": {}, "link_flair_text": null, "can_mod_post": false, "score": 8, "approved_by": null, "thumbnail": "", "edited": false, "author_flair_css_class": null, "steward_reports": [], "author_flair_richtext": [], "gildings": {}, "content_categories": null, "is_self": false, "mod_note": null, "created": 1573020361.0, "link_flair_type": "text", "wls": 6, "banned_by": null, "author_flair_type": "text", "domain": "github.blog", "allow_live_comments": false, "selftext_html": null, "likes": null, "suggested_sort": null, "banned_at_utc": null, "view_count": null, "archived": false, "no_follow": false, "is_crosspostable": false, "pinned": false, "over_18": false, "all_awardings": [], "awarders": [], "media_only": false, "can_gild": false, "spoiler": false, "locked": false, "author_flair_text": null, "visited": false, "num_reports": null, "distinguished": null, "subreddit_id": "t5_2fwo", "mod_reason_by": null, "removal_reason": null, "link_flair_background_color": "", "id": "ds6e8w", "is_robot_indexable": true, "report_reasons": null, "author": "Accocola", "discussion_type": null, "media": null, "send_replies": true, "whitelist_status": "all_ads", "contest_mode": false, "mod_reports": [], "author_patreon_flair": false, "author_flair_text_color": null, "permalink": "/r/programming/comments/ds6e8w/selfhosted_runners_for_github_actions_is_now_in/", "parent_whitelist_status": "all_ads", "stickied": false, "url": "https://github.blog/2019-11-05-self-hosted-runners-for-github-actions-is-now-in-beta/", "subreddit_subscribers": 2317075, "created_utc": 1572991561.0, "num_crossposts": 0, "num_comments": 3, "is_video": false}}, {"kind": "t3", "data": {"approved_at_utc": null, "subreddit": "programming", "selftext": "", "author_fullname": "t2_qjqya", "saved": false, "mod_reason_title": null, "gilded": 0, "clicked": false, "title": "Demystifying authentication and authorization in Elasticsearch", "link_flair_richtext": [], "subreddit_name_prefixed": "r/programming", "hidden": false, "pwls": 6, "link_flair_css_class": null, "downs": 0, "hide_score": false, "name": "t3_dsbrv4", "quarantine": false, "link_flair_text_color": "dark", "author_flair_background_color": null, "subreddit_type": "public", "ups": 0, "total_awards_received": 0, "media_embed": {}, "author_flair_template_id": null, "is_original_content": false, "user_reports": [], "secure_media": null, "is_reddit_media_domain": false, "is_meta": false, "category": null, "secure_media_embed": {}, "link_flair_text": null, "can_mod_post": false, "score": 0, "approved_by": null, "thumbnail": "", "edited": false, "author_flair_css_class": null, "steward_reports": [], "author_flair_richtext": [], "gildings": {}, "content_categories": null, "is_self": false, "mod_note": null, "created": 1573046745.0, "link_flair_type": "text", "wls": 6, "banned_by": null, "author_flair_type": "text", "domain": "elastic.co", "allow_live_comments": false, "selftext_html": null, "likes": null, "suggested_sort": null, "banned_at_utc": null, "view_count": null, "archived": false, "no_follow": true, "is_crosspostable": false, "pinned": false, "over_18": false, "all_awardings": [], "awarders": [], "media_only": false, "can_gild": false, "spoiler": false, "locked": false, "author_flair_text": null, "visited": false, "num_reports": null, "distinguished": null, "subreddit_id": "t5_2fwo", "mod_reason_by": null, "removal_reason": null, "link_flair_background_color": "", "id": "dsbrv4", "is_robot_indexable": true, "report_reasons": null, "author": "ram-foss", "discussion_type": null, "media": null, "send_replies": true, "whitelist_status": "all_ads", "contest_mode": false, "mod_reports": [], "author_patreon_flair": false, "author_flair_text_color": null, "permalink": "/r/programming/comments/dsbrv4/demystifying_authentication_and_authorization_in/", "parent_whitelist_status": "all_ads", "stickied": false, "url": "https://www.elastic.co/blog/demystifying-authentication-and-authorization-in-elasticsearch", "subreddit_subscribers": 2317075, "created_utc": 1573017945.0, "num_crossposts": 0, "num_comments": 0, "is_video": false}}, {"kind": "t3", "data": {"approved_at_utc": null, "subreddit": "programming", "selftext": "", "author_fullname": "t2_dmswf", "saved": false, "mod_reason_title": null, "gilded": 0, "clicked": false, "title": "Challenge your performance intuition with nanosecond sorting", "link_flair_richtext": [], "subreddit_name_prefixed": "r/programming", "hidden": false, "pwls": 6, "link_flair_css_class": null, "downs": 0, "hide_score": false, "name": "t3_drvfir", "quarantine": false, "link_flair_text_color": "dark", "author_flair_background_color": null, "subreddit_type": "public", "ups": 62, "total_awards_received": 0, "media_embed": {}, "author_flair_template_id": null, "is_original_content": false, "user_reports": [], "secure_media": null, "is_reddit_media_domain": false, "is_meta": false, "category": null, "secure_media_embed": {}, "link_flair_text": null, "can_mod_post": false, "score": 62, "approved_by": null, "thumbnail": "", "edited": false, "author_flair_css_class": null, "steward_reports": [], "author_flair_richtext": [], "gildings": {}, "content_categories": null, "is_self": false, "mod_note": null, "created": 1572964580.0, "link_flair_type": "text", "wls": 6, "banned_by": null, "author_flair_type": "text", "domain": "wordsandbuttons.online", "allow_live_comments": false, "selftext_html": null, "likes": null, "suggested_sort": null, "banned_at_utc": null, "view_count": null, "archived": false, "no_follow": false, "is_crosspostable": false, "pinned": false, "over_18": false, "all_awardings": [], "awarders": [], "media_only": false, "can_gild": false, "spoiler": false, "locked": false, "author_flair_text": null, "visited": false, "num_reports": null, "distinguished": null, "subreddit_id": "t5_2fwo", "mod_reason_by": null, "removal_reason": null, "link_flair_background_color": "", "id": "drvfir", "is_robot_indexable": true, "report_reasons": null, "author": "akalenuk", "discussion_type": null, "media": null, "send_replies": true, "whitelist_status": "all_ads", "contest_mode": false, "mod_reports": [], "author_patreon_flair": false, "author_flair_text_color": null, "permalink": "/r/programming/comments/drvfir/challenge_your_performance_intuition_with/", "parent_whitelist_status": "all_ads", "stickied": false, "url": "https://wordsandbuttons.online/challenge_your_performance_intuition_with_nanosecond_sorting.html", "subreddit_subscribers": 2317075, "created_utc": 1572935780.0, "num_crossposts": 0, "num_comments": 12, "is_video": false}}, {"kind": "t3", "data": {"approved_at_utc": null, "subreddit": "programming", "selftext": "", "author_fullname": "t2_4uen9", "saved": false, "mod_reason_title": null, "gilded": 0, "clicked": false, "title": "My wife wanted me to code a better Secret Santa randomizer, so I over-engineered one for everyone to use!", "link_flair_richtext": [], "subreddit_name_prefixed": "r/programming", "hidden": false, "pwls": 6, "link_flair_css_class": null, "downs": 0, "hide_score": false, "name": "t3_drgbye", "quarantine": false, "link_flair_text_color": "dark", "author_flair_background_color": null, "subreddit_type": "public", "ups": 1867, "total_awards_received": 0, "media_embed": {}, "author_flair_template_id": null, "is_original_content": false, "user_reports": [], "secure_media": null, "is_reddit_media_domain": false, "is_meta": false, "category": null, "secure_media_embed": {}, "link_flair_text": null, "can_mod_post": false, "score": 1867, "approved_by": null, "thumbnail": "", "edited": false, "author_flair_css_class": null, "steward_reports": [], "author_flair_richtext": [], "gildings": {}, "content_categories": null, "is_self": false, "mod_note": null, "created": 1572895715.0, "link_flair_type": "text", "wls": 6, "banned_by": null, "author_flair_type": "text", "domain": "github.com", "allow_live_comments": true, "selftext_html": null, "likes": null, "suggested_sort": null, "banned_at_utc": null, "view_count": null, "archived": false, "no_follow": false, "is_crosspostable": false, "pinned": false, "over_18": false, "all_awardings": [], "awarders": [], "media_only": false, "can_gild": false, "spoiler": false, "locked": false, "author_flair_text": null, "visited": false, "num_reports": null, "distinguished": null, "subreddit_id": "t5_2fwo", "mod_reason_by": null, "removal_reason": null, "link_flair_background_color": "", "id": "drgbye", "is_robot_indexable": true, "report_reasons": null, "author": "sethito", "discussion_type": null, "media": null, "send_replies": true, "whitelist_status": "all_ads", "contest_mode": false, "mod_reports": [], "author_patreon_flair": false, "author_flair_text_color": null, "permalink": "/r/programming/comments/drgbye/my_wife_wanted_me_to_code_a_better_secret_santa/", "parent_whitelist_status": "all_ads", "stickied": false, "url": "https://github.com/sethblack/python-gift-exchange", "subreddit_subscribers": 2317075, "created_utc": 1572866915.0, "num_crossposts": 0, "num_comments": 230, "is_video": false}}, {"kind": "t3", "data": {"approved_at_utc": null, "subreddit": "programming", "selftext": "", "author_fullname": "t2_a0r2r1v", "saved": false, "mod_reason_title": null, "gilded": 0, "clicked": false, "title": "Chaos Order \u2013 Randomizing Queries to Uncover Order-Dependency", "link_flair_richtext": [], "subreddit_name_prefixed": "r/programming", "hidden": false, "pwls": 6, "link_flair_css_class": null, "downs": 0, "hide_score": false, "name": "t3_ds3zv8", "quarantine": false, "link_flair_text_color": "dark", "author_flair_background_color": null, "subreddit_type": "public", "ups": 5, "total_awards_received": 0, "media_embed": {}, "author_flair_template_id": null, "is_original_content": false, "user_reports": [], "secure_media": null, "is_reddit_media_domain": false, "is_meta": false, "category": null, "secure_media_embed": {}, "link_flair_text": null, "can_mod_post": false, "score": 5, "approved_by": null, "thumbnail": "", "edited": false, "author_flair_css_class": null, "steward_reports": [], "author_flair_richtext": [], "gildings": {}, "content_categories": null, "is_self": false, "mod_note": null, "created": 1573010145.0, "link_flair_type": "text", "wls": 6, "banned_by": null, "author_flair_type": "text", "domain": "simplethread.com", "allow_live_comments": false, "selftext_html": null, "likes": null, "suggested_sort": null, "banned_at_utc": null, "view_count": null, "archived": false, "no_follow": false, "is_crosspostable": false, "pinned": false, "over_18": false, "all_awardings": [], "awarders": [], "media_only": false, "can_gild": false, "spoiler": false, "locked": false, "author_flair_text": null, "visited": false, "num_reports": null, "distinguished": null, "subreddit_id": "t5_2fwo", "mod_reason_by": null, "removal_reason": null, "link_flair_background_color": "", "id": "ds3zv8", "is_robot_indexable": true, "report_reasons": null, "author": "abaldwin7302", "discussion_type": null, "media": null, "send_replies": true, "whitelist_status": "all_ads", "contest_mode": false, "mod_reports": [], "author_patreon_flair": false, "author_flair_text_color": null, "permalink": "/r/programming/comments/ds3zv8/chaos_order_randomizing_queries_to_uncover/", "parent_whitelist_status": "all_ads", "stickied": false, "url": "https://www.simplethread.com/chaos-order-randomizing-queries-uncover-order-dependency/", "subreddit_subscribers": 2317075, "created_utc": 1572981345.0, "num_crossposts": 0, "num_comments": 0, "is_video": false}}, {"kind": "t3", "data": {"approved_at_utc": null, "subreddit": "programming", "selftext": "", "author_fullname": "t2_4dh0uo5h", "saved": false, "mod_reason_title": null, "gilded": 0, "clicked": false, "title": "Introducing API Visualizer: Easily turn API Data into Charts and Graphs", "link_flair_richtext": [], "subreddit_name_prefixed": "r/programming", "hidden": false, "pwls": 6, "link_flair_css_class": null, "downs": 0, "hide_score": false, "name": "t3_dsagwf", "quarantine": false, "link_flair_text_color": "dark", "author_flair_background_color": null, "subreddit_type": "public", "ups": 1, "total_awards_received": 0, "media_embed": {}, "author_flair_template_id": null, "is_original_content": false, "user_reports": [], "secure_media": null, "is_reddit_media_domain": false, "is_meta": false, "category": null, "secure_media_embed": {}, "link_flair_text": null, "can_mod_post": false, "score": 1, "approved_by": null, "thumbnail": "", "edited": false, "author_flair_css_class": null, "steward_reports": [], "author_flair_richtext": [], "gildings": {}, "content_categories": null, "is_self": false, "mod_note": null, "created": 1573039545.0, "link_flair_type": "text", "wls": 6, "banned_by": null, "author_flair_type": "text", "domain": "blog.getpostman.com", "allow_live_comments": false, "selftext_html": null, "likes": null, "suggested_sort": null, "banned_at_utc": null, "view_count": null, "archived": false, "no_follow": true, "is_crosspostable": false, "pinned": false, "over_18": false, "all_awardings": [], "awarders": [], "media_only": false, "can_gild": false, "spoiler": false, "locked": false, "author_flair_text": null, "visited": false, "num_reports": null, "distinguished": null, "subreddit_id": "t5_2fwo", "mod_reason_by": null, "removal_reason": null, "link_flair_background_color": "", "id": "dsagwf", "is_robot_indexable": true, "report_reasons": null, "author": "tommy25ps", "discussion_type": null, "media": null, "send_replies": true, "whitelist_status": "all_ads", "contest_mode": false, "mod_reports": [], "author_patreon_flair": false, "author_flair_text_color": null, "permalink": "/r/programming/comments/dsagwf/introducing_api_visualizer_easily_turn_api_data/", "parent_whitelist_status": "all_ads", "stickied": false, "url": "https://blog.getpostman.com/2019/11/04/visualizing-apis-of-the-world/", "subreddit_subscribers": 2317075, "created_utc": 1573010745.0, "num_crossposts": 0, "num_comments": 0, "is_video": false}}, {"kind": "t3", "data": {"approved_at_utc": null, "subreddit": "programming", "selftext": "", "author_fullname": "t2_ihj74w8", "saved": false, "mod_reason_title": null, "gilded": 0, "clicked": false, "title": "I made an app which takes sheet music and gives you guitar tab! \ud83c\udfb5-&gt; \ud83c\udfb8", "link_flair_richtext": [], "subreddit_name_prefixed": "r/programming", "hidden": false, "pwls": 6, "link_flair_css_class": null, "downs": 0, "hide_score": false, "name": "t3_drpv2w", "quarantine": false, "link_flair_text_color": "dark", "author_flair_background_color": null, "subreddit_type": "public", "ups": 182, "total_awards_received": 0, "media_embed": {}, "author_flair_template_id": null, "is_original_content": false, "user_reports": [], "secure_media": null, "is_reddit_media_domain": false, "is_meta": false, "category": null, "secure_media_embed": {}, "link_flair_text": null, "can_mod_post": false, "score": 182, "approved_by": null, "thumbnail": "", "edited": false, "author_flair_css_class": null, "steward_reports": [], "author_flair_richtext": [], "gildings": {}, "content_categories": null, "is_self": false, "mod_note": null, "created": 1572937257.0, "link_flair_type": "text", "wls": 6, "banned_by": null, "author_flair_type": "text", "domain": "notestotab.com", "allow_live_comments": false, "selftext_html": null, "likes": null, "suggested_sort": null, "banned_at_utc": null, "view_count": null, "archived": false, "no_follow": false, "is_crosspostable": false, "pinned": false, "over_18": false, "all_awardings": [], "awarders": [], "media_only": false, "can_gild": false, "spoiler": false, "locked": false, "author_flair_text": null, "visited": false, "num_reports": null, "distinguished": null, "subreddit_id": "t5_2fwo", "mod_reason_by": null, "removal_reason": null, "link_flair_background_color": "", "id": "drpv2w", "is_robot_indexable": true, "report_reasons": null, "author": "harry-lincoln", "discussion_type": null, "media": null, "send_replies": true, "whitelist_status": "all_ads", "contest_mode": false, "mod_reports": [], "author_patreon_flair": false, "author_flair_text_color": null, "permalink": "/r/programming/comments/drpv2w/i_made_an_app_which_takes_sheet_music_and_gives/", "parent_whitelist_status": "all_ads", "stickied": false, "url": "http://www.notestotab.com", "subreddit_subscribers": 2317075, "created_utc": 1572908457.0, "num_crossposts": 0, "num_comments": 39, "is_video": false}}, {"kind": "t3", "data": {"approved_at_utc": null, "subreddit": "programming", "selftext": "", "author_fullname": "t2_4ionfz2n", "saved": false, "mod_reason_title": null, "gilded": 0, "clicked": false, "title": "(Spanish) All about the web development", "link_flair_richtext": [], "subreddit_name_prefixed": "r/programming", "hidden": false, "pwls": 6, "link_flair_css_class": null, "downs": 0, "hide_score": false, "name": "t3_dsclhz", "quarantine": false, "link_flair_text_color": "dark", "author_flair_background_color": null, "subreddit_type": "public", "ups": 0, "total_awards_received": 0, "media_embed": {}, "author_flair_template_id": null, "is_original_content": false, "user_reports": [], "secure_media": null, "is_reddit_media_domain": false, "is_meta": false, "category": null, "secure_media_embed": {}, "link_flair_text": null, "can_mod_post": false, "score": 0, "approved_by": null, "thumbnail": "", "edited": false, "author_flair_css_class": null, "steward_reports": [], "author_flair_richtext": [], "gildings": {}, "content_categories": null, "is_self": false, "mod_note": null, "created": 1573051852.0, "link_flair_type": "text", "wls": 6, "banned_by": null, "author_flair_type": "text", "domain": "mundocurioso.es", "allow_live_comments": false, "selftext_html": null, "likes": null, "suggested_sort": null, "banned_at_utc": null, "view_count": null, "archived": false, "no_follow": true, "is_crosspostable": false, "pinned": false, "over_18": false, "all_awardings": [], "awarders": [], "media_only": false, "can_gild": false, "spoiler": false, "locked": false, "author_flair_text": null, "visited": false, "num_reports": null, "distinguished": null, "subreddit_id": "t5_2fwo", "mod_reason_by": null, "removal_reason": null, "link_flair_background_color": "", "id": "dsclhz", "is_robot_indexable": true, "report_reasons": null, "author": "Coldplex", "discussion_type": null, "media": null, "send_replies": true, "whitelist_status": "all_ads", "contest_mode": false, "mod_reports": [], "author_patreon_flair": false, "author_flair_text_color": null, "permalink": "/r/programming/comments/dsclhz/spanish_all_about_the_web_development/", "parent_whitelist_status": "all_ads", "stickied": false, "url": "https://mundocurioso.es/desarrollo-web/", "subreddit_subscribers": 2317075, "created_utc": 1573023052.0, "num_crossposts": 0, "num_comments": 0, "is_video": false}}, {"kind": "t3", "data": {"approved_at_utc": null, "subreddit": "programming", "selftext": "", "author_fullname": "t2_6o9ib", "saved": false, "mod_reason_title": null, "gilded": 0, "clicked": false, "title": "C++ 20: The Core Language", "link_flair_richtext": [], "subreddit_name_prefixed": "r/programming", "hidden": false, "pwls": 6, "link_flair_css_class": null, "downs": 0, "hide_score": false, "name": "t3_ds6s6v", "quarantine": false, "link_flair_text_color": "dark", "author_flair_background_color": null, "subreddit_type": "public", "ups": 3, "total_awards_received": 0, "media_embed": {}, "author_flair_template_id": null, "is_original_content": false, "user_reports": [], "secure_media": null, "is_reddit_media_domain": false, "is_meta": false, "category": null, "secure_media_embed": {}, "link_flair_text": null, "can_mod_post": false, "score": 3, "approved_by": null, "thumbnail": "", "edited": false, "author_flair_css_class": null, "steward_reports": [], "author_flair_richtext": [], "gildings": {}, "content_categories": null, "is_self": false, "mod_note": null, "created": 1573022030.0, "link_flair_type": "text", "wls": 6, "banned_by": null, "author_flair_type": "text", "domain": "modernescpp.com", "allow_live_comments": false, "selftext_html": null, "likes": null, "suggested_sort": null, "banned_at_utc": null, "view_count": null, "archived": false, "no_follow": false, "is_crosspostable": false, "pinned": false, "over_18": false, "all_awardings": [], "awarders": [], "media_only": false, "can_gild": false, "spoiler": false, "locked": false, "author_flair_text": null, "visited": false, "num_reports": null, "distinguished": null, "subreddit_id": "t5_2fwo", "mod_reason_by": null, "removal_reason": null, "link_flair_background_color": "", "id": "ds6s6v", "is_robot_indexable": true, "report_reasons": null, "author": "malicious_turtle", "discussion_type": null, "media": null, "send_replies": true, "whitelist_status": "all_ads", "contest_mode": false, "mod_reports": [], "author_patreon_flair": false, "author_flair_text_color": null, "permalink": "/r/programming/comments/ds6s6v/c_20_the_core_language/", "parent_whitelist_status": "all_ads", "stickied": false, "url": "https://www.modernescpp.com/index.php/c-20-the-core-language", "subreddit_subscribers": 2317075, "created_utc": 1572993230.0, "num_crossposts": 0, "num_comments": 0, "is_video": false}}], "after": "t3_ds6s6v", "before": null}}