{"kind": "Listing", "data": {"modhash": "", "dist": 25, "children": [{"kind": "t3", "data": {"approved_at_utc": null, "subreddit": "programming", "selftext": "", "author_fullname": "t2_q8ot2", "saved": false, "mod_reason_title": null, "gilded": 0, "clicked": false, "title": "\"Another World\" source code review (2011)", "link_flair_richtext": [], "subreddit_name_prefixed": "r/programming", "hidden": false, "pwls": 6, "link_flair_css_class": null, "downs": 0, "parent_whitelist_status": "all_ads", "hide_score": false, "name": "t3_9v5nhe", "quarantine": false, "link_flair_text_color": "dark", "author_flair_background_color": null, "subreddit_type": "public", "ups": 265, "domain": "fabiensanglard.net", "media_embed": {}, "author_flair_template_id": null, "is_original_content": false, "user_reports": [], "secure_media": null, "is_reddit_media_domain": false, "is_meta": false, "category": null, "secure_media_embed": {}, "link_flair_text": null, "can_mod_post": false, "score": 265, "approved_by": null, "thumbnail": "", "edited": false, "author_flair_css_class": null, "author_flair_richtext": [], "gildings": {"gid_1": 0, "gid_2": 0, "gid_3": 0}, "content_categories": null, "is_self": false, "mod_note": null, "created": 1541669733.0, "link_flair_type": "text", "wls": 6, "banned_by": null, "author_flair_type": "text", "contest_mode": false, "selftext_html": null, "likes": null, "suggested_sort": null, "banned_at_utc": null, "view_count": null, "archived": false, "no_follow": false, "is_crosspostable": false, "pinned": false, "over_18": false, "media_only": false, "link_flair_template_id": null, "can_gild": false, "spoiler": false, "locked": false, "author_flair_text": null, "visited": false, "num_reports": null, "distinguished": null, "subreddit_id": "t5_2fwo", "mod_reason_by": null, "removal_reason": null, "link_flair_background_color": "", "id": "9v5nhe", "is_robot_indexable": true, "report_reasons": null, "author": "red_fern", "num_crossposts": 0, "num_comments": 25, "send_replies": true, "mod_reports": [], "author_patreon_flair": false, "author_flair_text_color": null, "permalink": "/r/programming/comments/9v5nhe/another_world_source_code_review_2011/", "whitelist_status": "all_ads", "stickied": false, "url": "https://fabiensanglard.net/anotherWorld_code_review/", "subreddit_subscribers": 1359080, "created_utc": 1541640933.0, "media": null, "is_video": false}}, {"kind": "t3", "data": {"approved_at_utc": null, "subreddit": "programming", "selftext": "", "author_fullname": "t2_ngos7", "saved": false, "mod_reason_title": null, "gilded": 0, "clicked": false, "title": "Github now allows you to permanently delete issues", "link_flair_richtext": [], "subreddit_name_prefixed": "r/programming", "hidden": false, "pwls": 6, "link_flair_css_class": null, "downs": 0, "parent_whitelist_status": "all_ads", "hide_score": false, "name": "t3_9v4kr5", "quarantine": false, "link_flair_text_color": "dark", "author_flair_background_color": null, "subreddit_type": "public", "ups": 323, "domain": "twitter.com", "media_embed": {}, "author_flair_template_id": null, "is_original_content": false, "user_reports": [], "secure_media": null, "is_reddit_media_domain": false, "is_meta": false, "category": null, "secure_media_embed": {}, "link_flair_text": null, "can_mod_post": false, "score": 323, "approved_by": null, "thumbnail": "", "edited": false, "author_flair_css_class": null, "author_flair_richtext": [], "gildings": {"gid_1": 0, "gid_2": 0, "gid_3": 0}, "content_categories": null, "is_self": false, "mod_note": null, "created": 1541661631.0, "link_flair_type": "text", "wls": 6, "banned_by": null, "author_flair_type": "text", "contest_mode": false, "selftext_html": null, "likes": null, "suggested_sort": null, "banned_at_utc": null, "view_count": null, "archived": false, "no_follow": false, "is_crosspostable": false, "pinned": false, "over_18": false, "media_only": false, "link_flair_template_id": null, "can_gild": false, "spoiler": false, "locked": false, "author_flair_text": null, "visited": false, "num_reports": null, "distinguished": null, "subreddit_id": "t5_2fwo", "mod_reason_by": null, "removal_reason": null, "link_flair_background_color": "", "id": "9v4kr5", "is_robot_indexable": true, "report_reasons": null, "author": "Zerquix18", "num_crossposts": 0, "num_comments": 113, "send_replies": true, "mod_reports": [], "author_patreon_flair": false, "author_flair_text_color": null, "permalink": "/r/programming/comments/9v4kr5/github_now_allows_you_to_permanently_delete_issues/", "whitelist_status": "all_ads", "stickied": false, "url": "https://twitter.com/github/status/1060233780114288640", "subreddit_subscribers": 1359080, "created_utc": 1541632831.0, "media": null, "is_video": false}}, {"kind": "t3", "data": {"approved_at_utc": null, "subreddit": "programming", "selftext": "", "author_fullname": "t2_3scd0", "saved": false, "mod_reason_title": null, "gilded": 0, "clicked": false, "title": "Rewritten for TLS 1.3: The New Illustrated TLS, Every Byte Explained", "link_flair_richtext": [], "subreddit_name_prefixed": "r/programming", "hidden": false, "pwls": 6, "link_flair_css_class": null, "downs": 0, "hide_score": false, "name": "t3_9v0xr8", "quarantine": false, "link_flair_text_color": "dark", "author_flair_background_color": null, "subreddit_type": "public", "ups": 861, "domain": "tls13.ulfheim.net", "media_embed": {}, "author_flair_template_id": null, "is_original_content": false, "user_reports": [], "secure_media": null, "is_reddit_media_domain": false, "is_meta": false, "category": null, "secure_media_embed": {}, "link_flair_text": null, "can_mod_post": false, "score": 861, "approved_by": null, "thumbnail": "", "edited": false, "author_flair_css_class": null, "author_flair_richtext": [], "gildings": {"gid_1": 0, "gid_2": 0, "gid_3": 0}, "content_categories": null, "is_self": false, "mod_note": null, "crosspost_parent_list": [{"approved_at_utc": null, "subreddit": "netsec", "selftext": "", "author_fullname": "t2_3scd0", "saved": false, "mod_reason_title": null, "gilded": 0, "clicked": false, "title": "Rewritten for TLS 1.3: The New Illustrated TLS, Every Byte Explained", "link_flair_richtext": [], "subreddit_name_prefixed": "r/netsec", "hidden": false, "pwls": 6, "link_flair_css_class": null, "downs": 0, "parent_whitelist_status": "all_ads", "hide_score": false, "name": "t3_9v0wqn", "quarantine": false, "link_flair_text_color": "dark", "author_flair_background_color": null, "subreddit_type": "public", "ups": 296, "domain": "tls13.ulfheim.net", "media_embed": {}, "author_flair_template_id": null, "is_original_content": false, "user_reports": [], "secure_media": null, "is_reddit_media_domain": false, "is_meta": false, "category": null, "secure_media_embed": {}, "link_flair_text": null, "can_mod_post": false, "score": 296, "approved_by": null, "thumbnail": "", "edited": false, "author_flair_css_class": null, "author_flair_richtext": [], "gildings": {"gid_1": 1, "gid_2": 0, "gid_3": 0}, "content_categories": null, "is_self": false, "mod_note": null, "created": 1541637137.0, "link_flair_type": "text", "wls": 6, "banned_by": null, "author_flair_type": "text", "contest_mode": false, "selftext_html": null, "likes": null, "suggested_sort": null, "banned_at_utc": null, "view_count": null, "archived": false, "no_follow": false, "is_crosspostable": false, "pinned": false, "over_18": false, "media_only": false, "link_flair_template_id": null, "can_gild": false, "spoiler": false, "locked": false, "author_flair_text": null, "visited": false, "num_reports": null, "distinguished": null, "subreddit_id": "t5_1rqwi", "mod_reason_by": null, "removal_reason": null, "link_flair_background_color": "", "id": "9v0wqn", "is_robot_indexable": true, "report_reasons": null, "author": "syncsynchalt", "num_crossposts": 1, "num_comments": 13, "send_replies": true, "mod_reports": [], "author_patreon_flair": false, "author_flair_text_color": null, "permalink": "/r/netsec/comments/9v0wqn/rewritten_for_tls_13_the_new_illustrated_tls/", "whitelist_status": "all_ads", "stickied": false, "url": "https://tls13.ulfheim.net/", "subreddit_subscribers": 273530, "created_utc": 1541608337.0, "media": null, "is_video": false}], "created": 1541637332.0, "link_flair_type": "text", "wls": 6, "banned_by": null, "author_flair_type": "text", "contest_mode": false, "selftext_html": null, "likes": null, "suggested_sort": null, "banned_at_utc": null, "view_count": null, "archived": false, "no_follow": false, "is_crosspostable": false, "pinned": false, "over_18": false, "media_only": false, "link_flair_template_id": null, "can_gild": false, "spoiler": false, "locked": false, "author_flair_text": null, "visited": false, "num_reports": null, "distinguished": null, "subreddit_id": "t5_2fwo", "mod_reason_by": null, "removal_reason": null, "link_flair_background_color": "", "id": "9v0xr8", "is_robot_indexable": true, "report_reasons": null, "author": "syncsynchalt", "num_crossposts": 0, "num_comments": 34, "send_replies": true, "whitelist_status": "all_ads", "mod_reports": [], "author_patreon_flair": false, "crosspost_parent": "t3_9v0wqn", "author_flair_text_color": null, "permalink": "/r/programming/comments/9v0xr8/rewritten_for_tls_13_the_new_illustrated_tls/", "parent_whitelist_status": "all_ads", "stickied": false, "url": "https://tls13.ulfheim.net/", "subreddit_subscribers": 1359080, "created_utc": 1541608532.0, "media": null, "is_video": false}}, {"kind": "t3", "data": {"approved_at_utc": null, "subreddit": "programming", "selftext": "", "author_fullname": "t2_xeaqp", "saved": false, "mod_reason_title": null, "gilded": 0, "clicked": false, "title": "I created a bot that talks to recruiters for me (and it's sooo good!)", "link_flair_richtext": [], "subreddit_name_prefixed": "r/programming", "hidden": false, "pwls": 6, "link_flair_css_class": null, "downs": 0, "parent_whitelist_status": "all_ads", "hide_score": false, "name": "t3_9v7ulj", "quarantine": false, "link_flair_text_color": "dark", "author_flair_background_color": null, "subreddit_type": "public", "ups": 63, "domain": "dev.to", "media_embed": {}, "author_flair_template_id": null, "is_original_content": false, "user_reports": [], "secure_media": null, "is_reddit_media_domain": false, "is_meta": false, "category": null, "secure_media_embed": {}, "link_flair_text": null, "can_mod_post": false, "score": 63, "approved_by": null, "thumbnail": "", "edited": false, "author_flair_css_class": null, "author_flair_richtext": [], "gildings": {"gid_1": 0, "gid_2": 0, "gid_3": 0}, "content_categories": null, "is_self": false, "mod_note": null, "created": 1541689095.0, "link_flair_type": "text", "wls": 6, "banned_by": null, "author_flair_type": "text", "contest_mode": false, "selftext_html": null, "likes": null, "suggested_sort": null, "banned_at_utc": null, "view_count": null, "archived": false, "no_follow": false, "is_crosspostable": false, "pinned": false, "over_18": false, "media_only": false, "link_flair_template_id": null, "can_gild": false, "spoiler": false, "locked": false, "author_flair_text": null, "visited": false, "num_reports": null, "distinguished": null, "subreddit_id": "t5_2fwo", "mod_reason_by": null, "removal_reason": null, "link_flair_background_color": "", "id": "9v7ulj", "is_robot_indexable": true, "report_reasons": null, "author": "fagnerbrack", "num_crossposts": 0, "num_comments": 7, "send_replies": false, "mod_reports": [], "author_patreon_flair": false, "author_flair_text_color": null, "permalink": "/r/programming/comments/9v7ulj/i_created_a_bot_that_talks_to_recruiters_for_me/", "whitelist_status": "all_ads", "stickied": false, "url": "https://dev.to/whokilledkevin/how-i-created-a-bot-that-talked-to-recruiters-for-me-54n5", "subreddit_subscribers": 1359080, "created_utc": 1541660295.0, "media": null, "is_video": false}}, {"kind": "t3", "data": {"approved_at_utc": null, "subreddit": "programming", "selftext": "", "author_fullname": "t2_a4vdv", "saved": false, "mod_reason_title": null, "gilded": 0, "clicked": false, "title": "Swift is adopting Language Server Protocol", "link_flair_richtext": [], "subreddit_name_prefixed": "r/programming", "hidden": false, "pwls": 6, "link_flair_css_class": null, "downs": 0, "parent_whitelist_status": "all_ads", "hide_score": false, "name": "t3_9uxr0c", "quarantine": false, "link_flair_text_color": "dark", "author_flair_background_color": null, "subreddit_type": "public", "ups": 648, "domain": "nshipster.com", "media_embed": {}, "author_flair_template_id": null, "is_original_content": false, "user_reports": [], "secure_media": null, "is_reddit_media_domain": false, "is_meta": false, "category": null, "secure_media_embed": {}, "link_flair_text": null, "can_mod_post": false, "score": 648, "approved_by": null, "thumbnail": "", "edited": false, "author_flair_css_class": null, "author_flair_richtext": [], "gildings": {"gid_1": 0, "gid_2": 0, "gid_3": 0}, "content_categories": null, "is_self": false, "mod_note": null, "created": 1541608643.0, "link_flair_type": "text", "wls": 6, "banned_by": null, "author_flair_type": "text", "contest_mode": false, "selftext_html": null, "likes": null, "suggested_sort": null, "banned_at_utc": null, "view_count": null, "archived": false, "no_follow": false, "is_crosspostable": false, "pinned": false, "over_18": false, "media_only": false, "link_flair_template_id": null, "can_gild": false, "spoiler": false, "locked": false, "author_flair_text": null, "visited": false, "num_reports": null, "distinguished": null, "subreddit_id": "t5_2fwo", "mod_reason_by": null, "removal_reason": null, "link_flair_background_color": "", "id": "9uxr0c", "is_robot_indexable": true, "report_reasons": null, "author": "pablosproject", "num_crossposts": 0, "num_comments": 112, "send_replies": true, "mod_reports": [], "author_patreon_flair": false, "author_flair_text_color": null, "permalink": "/r/programming/comments/9uxr0c/swift_is_adopting_language_server_protocol/", "whitelist_status": "all_ads", "stickied": false, "url": "https://nshipster.com/language-server-protocol/", "subreddit_subscribers": 1359080, "created_utc": 1541579843.0, "media": null, "is_video": false}}, {"kind": "t3", "data": {"approved_at_utc": null, "subreddit": "programming", "selftext": "", "author_fullname": "t2_m7s8c", "saved": false, "mod_reason_title": null, "gilded": 0, "clicked": false, "title": "Using C++ STL algorithms with cppcheck", "link_flair_richtext": [], "subreddit_name_prefixed": "r/programming", "hidden": false, "pwls": 6, "link_flair_css_class": null, "downs": 0, "parent_whitelist_status": "all_ads", "hide_score": false, "name": "t3_9v61wo", "quarantine": false, "link_flair_text_color": "dark", "author_flair_background_color": null, "subreddit_type": "public", "ups": 23, "domain": "pfultz2.com", "media_embed": {}, "author_flair_template_id": null, "is_original_content": false, "user_reports": [], "secure_media": null, "is_reddit_media_domain": false, "is_meta": false, "category": null, "secure_media_embed": {}, "link_flair_text": null, "can_mod_post": false, "score": 23, "approved_by": null, "thumbnail": "", "edited": false, "author_flair_css_class": null, "author_flair_richtext": [], "gildings": {"gid_1": 0, "gid_2": 0, "gid_3": 0}, "content_categories": null, "is_self": false, "mod_note": null, "created": 1541672854.0, "link_flair_type": "text", "wls": 6, "banned_by": null, "author_flair_type": "text", "contest_mode": false, "selftext_html": null, "likes": null, "suggested_sort": null, "banned_at_utc": null, "view_count": null, "archived": false, "no_follow": false, "is_crosspostable": false, "pinned": false, "over_18": false, "media_only": false, "link_flair_template_id": null, "can_gild": false, "spoiler": false, "locked": false, "author_flair_text": null, "visited": false, "num_reports": null, "distinguished": null, "subreddit_id": "t5_2fwo", "mod_reason_by": null, "removal_reason": null, "link_flair_background_color": "", "id": "9v61wo", "is_robot_indexable": true, "report_reasons": null, "author": "rptr87", "num_crossposts": 0, "num_comments": 0, "send_replies": false, "mod_reports": [], "author_patreon_flair": false, "author_flair_text_color": null, "permalink": "/r/programming/comments/9v61wo/using_c_stl_algorithms_with_cppcheck/", "whitelist_status": "all_ads", "stickied": false, "url": "http://pfultz2.com/blog/2018/11/04/stl-alogrithms/", "subreddit_subscribers": 1359080, "created_utc": 1541644054.0, "media": null, "is_video": false}}, {"kind": "t3", "data": {"approved_at_utc": null, "subreddit": "programming", "selftext": "", "author_fullname": "t2_15dqqw", "saved": false, "mod_reason_title": null, "gilded": 0, "clicked": false, "title": "Object Detection challenges \u2014 A long way to go still", "link_flair_richtext": [], "subreddit_name_prefixed": "r/programming", "hidden": false, "pwls": 6, "link_flair_css_class": null, "downs": 0, "parent_whitelist_status": "all_ads", "hide_score": false, "name": "t3_9v6pe4", "quarantine": false, "link_flair_text_color": "dark", "author_flair_background_color": null, "subreddit_type": "public", "ups": 14, "domain": "hackernoon.com", "media_embed": {}, "author_flair_template_id": null, "is_original_content": false, "user_reports": [], "secure_media": null, "is_reddit_media_domain": false, "is_meta": false, "category": null, "secure_media_embed": {}, "link_flair_text": null, "can_mod_post": false, "score": 14, "approved_by": null, "thumbnail": "", "edited": false, "author_flair_css_class": null, "author_flair_richtext": [], "gildings": {"gid_1": 0, "gid_2": 0, "gid_3": 0}, "content_categories": null, "is_self": false, "mod_note": null, "created": 1541678164.0, "link_flair_type": "text", "wls": 6, "banned_by": null, "author_flair_type": "text", "contest_mode": false, "selftext_html": null, "likes": null, "suggested_sort": null, "banned_at_utc": null, "view_count": null, "archived": false, "no_follow": false, "is_crosspostable": false, "pinned": false, "over_18": false, "media_only": false, "link_flair_template_id": null, "can_gild": false, "spoiler": false, "locked": false, "author_flair_text": null, "visited": false, "num_reports": null, "distinguished": null, "subreddit_id": "t5_2fwo", "mod_reason_by": null, "removal_reason": null, "link_flair_background_color": "", "id": "9v6pe4", "is_robot_indexable": true, "report_reasons": null, "author": "alexcpn", "num_crossposts": 0, "num_comments": 1, "send_replies": false, "mod_reports": [], "author_patreon_flair": false, "author_flair_text_color": null, "permalink": "/r/programming/comments/9v6pe4/object_detection_challenges_a_long_way_to_go_still/", "whitelist_status": "all_ads", "stickied": false, "url": "https://hackernoon.com/is-object-detection-a-done-deal-59a7be913fd2", "subreddit_subscribers": 1359080, "created_utc": 1541649364.0, "media": null, "is_video": false}}, {"kind": "t3", "data": {"approved_at_utc": null, "subreddit": "programming", "selftext": "", "author_fullname": "t2_d35o28", "saved": false, "mod_reason_title": null, "gilded": 0, "clicked": false, "title": "[Old Times] - How People Used to Download Games From the Radio", "link_flair_richtext": [], "subreddit_name_prefixed": "r/programming", "hidden": false, "pwls": 6, "link_flair_css_class": null, "downs": 0, "parent_whitelist_status": "all_ads", "hide_score": false, "name": "t3_9v7gxk", "quarantine": false, "link_flair_text_color": "dark", "author_flair_background_color": null, "subreddit_type": "public", "ups": 7, "domain": "kotaku.co.uk", "media_embed": {}, "author_flair_template_id": null, "is_original_content": false, "user_reports": [], "secure_media": null, "is_reddit_media_domain": false, "is_meta": false, "category": null, "secure_media_embed": {}, "link_flair_text": null, "can_mod_post": false, "score": 7, "approved_by": null, "thumbnail": "", "edited": false, "author_flair_css_class": null, "author_flair_richtext": [], "gildings": {"gid_1": 0, "gid_2": 0, "gid_3": 0}, "content_categories": null, "is_self": false, "mod_note": null, "created": 1541685234.0, "link_flair_type": "text", "wls": 6, "banned_by": null, "author_flair_type": "text", "contest_mode": false, "selftext_html": null, "likes": null, "suggested_sort": null, "banned_at_utc": null, "view_count": null, "archived": false, "no_follow": false, "is_crosspostable": false, "pinned": false, "over_18": false, "media_only": false, "link_flair_template_id": null, "can_gild": false, "spoiler": false, "locked": false, "author_flair_text": null, "visited": false, "num_reports": null, "distinguished": null, "subreddit_id": "t5_2fwo", "mod_reason_by": null, "removal_reason": null, "link_flair_background_color": "", "id": "9v7gxk", "is_robot_indexable": true, "report_reasons": null, "author": "kunalag129", "num_crossposts": 0, "num_comments": 3, "send_replies": true, "mod_reports": [], "author_patreon_flair": false, "author_flair_text_color": null, "permalink": "/r/programming/comments/9v7gxk/old_times_how_people_used_to_download_games_from/", "whitelist_status": "all_ads", "stickied": false, "url": "http://www.kotaku.co.uk/2014/10/13/people-used-download-games-radio", "subreddit_subscribers": 1359080, "created_utc": 1541656434.0, "media": null, "is_video": false}}, {"kind": "t3", "data": {"approved_at_utc": null, "subreddit": "programming", "selftext": "", "author_fullname": "t2_uetxy", "saved": false, "mod_reason_title": null, "gilded": 0, "clicked": false, "title": "What's your ideal language feature? (xpost /r/ProgrammingLanguages)", "link_flair_richtext": [], "subreddit_name_prefixed": "r/programming", "hidden": false, "pwls": 6, "link_flair_css_class": null, "downs": 0, "parent_whitelist_status": "all_ads", "hide_score": false, "name": "t3_9v4dfg", "quarantine": false, "link_flair_text_color": "dark", "author_flair_background_color": null, "subreddit_type": "public", "ups": 19, "domain": "reddit.com", "media_embed": {}, "author_flair_template_id": null, "is_original_content": false, "user_reports": [], "secure_media": null, "is_reddit_media_domain": false, "is_meta": false, "category": null, "secure_media_embed": {}, "link_flair_text": null, "can_mod_post": false, "score": 19, "approved_by": null, "thumbnail": "", "edited": false, "author_flair_css_class": null, "author_flair_richtext": [], "gildings": {"gid_1": 0, "gid_2": 0, "gid_3": 0}, "content_categories": null, "is_self": false, "mod_note": null, "created": 1541660223.0, "link_flair_type": "text", "wls": 6, "banned_by": null, "author_flair_type": "text", "contest_mode": false, "selftext_html": null, "likes": null, "suggested_sort": null, "banned_at_utc": null, "view_count": null, "archived": false, "no_follow": false, "is_crosspostable": false, "pinned": false, "over_18": false, "media_only": false, "link_flair_template_id": null, "can_gild": false, "spoiler": false, "locked": false, "author_flair_text": null, "visited": false, "num_reports": null, "distinguished": null, "subreddit_id": "t5_2fwo", "mod_reason_by": null, "removal_reason": null, "link_flair_background_color": "", "id": "9v4dfg", "is_robot_indexable": true, "report_reasons": null, "author": "wean_irdeh", "num_crossposts": 0, "num_comments": 37, "send_replies": true, "mod_reports": [], "author_patreon_flair": false, "author_flair_text_color": null, "permalink": "/r/programming/comments/9v4dfg/whats_your_ideal_language_feature_xpost/", "whitelist_status": "all_ads", "stickied": false, "url": "https://www.reddit.com/r/programminglanguages/comments/9um9nw/_/", "subreddit_subscribers": 1359080, "created_utc": 1541631423.0, "media": null, "is_video": false}}, {"kind": "t3", "data": {"approved_at_utc": null, "subreddit": "programming", "selftext": "", "author_fullname": "t2_35hrz", "saved": false, "mod_reason_title": null, "gilded": 0, "clicked": false, "title": "So why do I love this crappy old computer, you may ask? - Learning to program on the C64", "link_flair_richtext": [], "subreddit_name_prefixed": "r/programming", "hidden": false, "pwls": 6, "link_flair_css_class": null, "downs": 0, "parent_whitelist_status": "all_ads", "hide_score": false, "name": "t3_9v1rg9", "quarantine": false, "link_flair_text_color": "dark", "author_flair_background_color": null, "subreddit_type": "public", "ups": 33, "domain": "hackernoon.com", "media_embed": {}, "author_flair_template_id": null, "is_original_content": false, "user_reports": [], "secure_media": null, "is_reddit_media_domain": false, "is_meta": false, "category": null, "secure_media_embed": {}, "link_flair_text": null, "can_mod_post": false, "score": 33, "approved_by": null, "thumbnail": "", "edited": false, "author_flair_css_class": null, "author_flair_richtext": [], "gildings": {"gid_1": 0, "gid_2": 0, "gid_3": 0}, "content_categories": null, "is_self": false, "mod_note": null, "created": 1541642924.0, "link_flair_type": "text", "wls": 6, "banned_by": null, "author_flair_type": "text", "contest_mode": false, "selftext_html": null, "likes": null, "suggested_sort": null, "banned_at_utc": null, "view_count": null, "archived": false, "no_follow": false, "is_crosspostable": false, "pinned": false, "over_18": false, "media_only": false, "link_flair_template_id": null, "can_gild": false, "spoiler": false, "locked": false, "author_flair_text": null, "visited": false, "num_reports": null, "distinguished": null, "subreddit_id": "t5_2fwo", "mod_reason_by": null, "removal_reason": null, "link_flair_background_color": "", "id": "9v1rg9", "is_robot_indexable": true, "report_reasons": null, "author": "adymitruk", "num_crossposts": 0, "num_comments": 39, "send_replies": true, "mod_reports": [], "author_patreon_flair": false, "author_flair_text_color": null, "permalink": "/r/programming/comments/9v1rg9/so_why_do_i_love_this_crappy_old_computer_you_may/", "whitelist_status": "all_ads", "stickied": false, "url": "https://hackernoon.com/a-love-letter-to-the-commodore-64-bbef869e480", "subreddit_subscribers": 1359080, "created_utc": 1541614124.0, "media": null, "is_video": false}}, {"kind": "t3", "data": {"approved_at_utc": null, "subreddit": "programming", "selftext": "", "author_fullname": "t2_xeaqp", "saved": false, "mod_reason_title": null, "gilded": 0, "clicked": false, "title": "BigInt: Arbitrary precision integers in JavaScript", "link_flair_richtext": [], "subreddit_name_prefixed": "r/programming", "hidden": false, "pwls": 6, "link_flair_css_class": null, "downs": 0, "parent_whitelist_status": "all_ads", "hide_score": false, "name": "t3_9v7tup", "quarantine": false, "link_flair_text_color": "dark", "author_flair_background_color": null, "subreddit_type": "public", "ups": 4, "domain": "github.com", "media_embed": {}, "author_flair_template_id": null, "is_original_content": false, "user_reports": [], "secure_media": null, "is_reddit_media_domain": false, "is_meta": false, "category": null, "secure_media_embed": {}, "link_flair_text": null, "can_mod_post": false, "score": 4, "approved_by": null, "thumbnail": "", "edited": false, "author_flair_css_class": null, "author_flair_richtext": [], "gildings": {"gid_1": 0, "gid_2": 0, "gid_3": 0}, "content_categories": null, "is_self": false, "mod_note": null, "created": 1541688880.0, "link_flair_type": "text", "wls": 6, "banned_by": null, "author_flair_type": "text", "contest_mode": false, "selftext_html": null, "likes": null, "suggested_sort": null, "banned_at_utc": null, "view_count": null, "archived": false, "no_follow": false, "is_crosspostable": false, "pinned": false, "over_18": false, "media_only": false, "link_flair_template_id": null, "can_gild": false, "spoiler": false, "locked": false, "author_flair_text": null, "visited": false, "num_reports": null, "distinguished": null, "subreddit_id": "t5_2fwo", "mod_reason_by": null, "removal_reason": null, "link_flair_background_color": "", "id": "9v7tup", "is_robot_indexable": true, "report_reasons": null, "author": "fagnerbrack", "num_crossposts": 0, "num_comments": 3, "send_replies": false, "mod_reports": [], "author_patreon_flair": false, "author_flair_text_color": null, "permalink": "/r/programming/comments/9v7tup/bigint_arbitrary_precision_integers_in_javascript/", "whitelist_status": "all_ads", "stickied": false, "url": "https://github.com/tc39/proposal-bigint", "subreddit_subscribers": 1359080, "created_utc": 1541660080.0, "media": null, "is_video": false}}, {"kind": "t3", "data": {"approved_at_utc": null, "subreddit": "programming", "selftext": "", "author_fullname": "t2_m7s8c", "saved": false, "mod_reason_title": null, "gilded": 0, "clicked": false, "title": "Programming Quotes", "link_flair_richtext": [], "subreddit_name_prefixed": "r/programming", "hidden": false, "pwls": 6, "link_flair_css_class": null, "downs": 0, "parent_whitelist_status": "all_ads", "hide_score": false, "name": "t3_9v11i6", "quarantine": false, "link_flair_text_color": "dark", "author_flair_background_color": null, "subreddit_type": "public", "ups": 38, "domain": "quotes.cat-v.org", "media_embed": {}, "author_flair_template_id": null, "is_original_content": false, "user_reports": [], "secure_media": null, "is_reddit_media_domain": false, "is_meta": false, "category": null, "secure_media_embed": {}, "link_flair_text": null, "can_mod_post": false, "score": 38, "approved_by": null, "thumbnail": "", "edited": false, "author_flair_css_class": null, "author_flair_richtext": [], "gildings": {"gid_1": 0, "gid_2": 0, "gid_3": 0}, "content_categories": null, "is_self": false, "mod_note": null, "created": 1541638047.0, "link_flair_type": "text", "wls": 6, "banned_by": null, "author_flair_type": "text", "contest_mode": false, "selftext_html": null, "likes": null, "suggested_sort": null, "banned_at_utc": null, "view_count": null, "archived": false, "no_follow": false, "is_crosspostable": false, "pinned": false, "over_18": false, "media_only": false, "link_flair_template_id": null, "can_gild": false, "spoiler": false, "locked": false, "author_flair_text": null, "visited": false, "num_reports": null, "distinguished": null, "subreddit_id": "t5_2fwo", "mod_reason_by": null, "removal_reason": null, "link_flair_background_color": "", "id": "9v11i6", "is_robot_indexable": true, "report_reasons": null, "author": "rptr87", "num_crossposts": 0, "num_comments": 20, "send_replies": false, "mod_reports": [], "author_patreon_flair": false, "author_flair_text_color": null, "permalink": "/r/programming/comments/9v11i6/programming_quotes/", "whitelist_status": "all_ads", "stickied": false, "url": "http://quotes.cat-v.org/programming/", "subreddit_subscribers": 1359080, "created_utc": 1541609247.0, "media": null, "is_video": false}}, {"kind": "t3", "data": {"approved_at_utc": null, "subreddit": "programming", "selftext": "", "author_fullname": "t2_q8q21", "saved": false, "mod_reason_title": null, "gilded": 0, "clicked": false, "title": "Hi ,I created a python cli script to convert any image to a terminal true color string format. Let me know what you think.", "link_flair_richtext": [], "subreddit_name_prefixed": "r/programming", "hidden": false, "pwls": 6, "link_flair_css_class": null, "downs": 0, "hide_score": true, "name": "t3_9v8djd", "quarantine": false, "link_flair_text_color": "dark", "author_flair_background_color": null, "subreddit_type": "public", "ups": 2, "domain": "github.com", "media_embed": {}, "author_flair_template_id": null, "is_original_content": false, "user_reports": [], "secure_media": null, "is_reddit_media_domain": false, "is_meta": false, "category": null, "secure_media_embed": {}, "link_flair_text": null, "can_mod_post": false, "score": 2, "approved_by": null, "thumbnail": "", "edited": false, "author_flair_css_class": null, "author_flair_richtext": [], "gildings": {"gid_1": 0, "gid_2": 0, "gid_3": 0}, "content_categories": null, "is_self": false, "mod_note": null, "crosspost_parent_list": [{"approved_at_utc": null, "subreddit": "Python", "selftext": "", "author_fullname": "t2_q8q21", "saved": false, "mod_reason_title": null, "gilded": 0, "clicked": false, "title": "Hi ,I created a python cli script to convert any image to a terminal true color string format. Let me know what you think.", "link_flair_richtext": [], "subreddit_name_prefixed": "r/Python", "hidden": false, "pwls": 6, "link_flair_css_class": null, "downs": 0, "parent_whitelist_status": "all_ads", "hide_score": false, "name": "t3_9uogd8", "quarantine": false, "link_flair_text_color": "dark", "author_flair_background_color": null, "subreddit_type": "public", "ups": 1, "domain": "github.com", "media_embed": {}, "author_flair_template_id": null, "is_original_content": false, "user_reports": [], "secure_media": null, "is_reddit_media_domain": false, "is_meta": false, "category": null, "secure_media_embed": {}, "link_flair_text": null, "can_mod_post": false, "score": 1, "approved_by": null, "thumbnail": "", "edited": false, "author_flair_css_class": null, "author_flair_richtext": [], "gildings": {"gid_1": 0, "gid_2": 0, "gid_3": 0}, "content_categories": null, "is_self": false, "mod_note": null, "created": 1541541040.0, "link_flair_type": "text", "wls": 6, "banned_by": null, "author_flair_type": "text", "contest_mode": false, "selftext_html": null, "likes": null, "suggested_sort": null, "banned_at_utc": null, "view_count": null, "archived": false, "no_follow": true, "is_crosspostable": false, "pinned": false, "over_18": false, "media_only": false, "link_flair_template_id": null, "can_gild": false, "spoiler": false, "locked": false, "author_flair_text": null, "visited": false, "num_reports": null, "distinguished": null, "subreddit_id": "t5_2qh0y", "mod_reason_by": null, "removal_reason": null, "link_flair_background_color": "", "id": "9uogd8", "is_robot_indexable": true, "report_reasons": null, "author": "c00kie17", "num_crossposts": 1, "num_comments": 2, "send_replies": true, "mod_reports": [], "author_patreon_flair": false, "author_flair_text_color": null, "permalink": "/r/Python/comments/9uogd8/hi_i_created_a_python_cli_script_to_convert_any/", "whitelist_status": "all_ads", "stickied": false, "url": "https://github.com/c00kie17/pixilate", "subreddit_subscribers": 290139, "created_utc": 1541512240.0, "media": null, "is_video": false}], "created": 1541695212.0, "link_flair_type": "text", "wls": 6, "banned_by": null, "author_flair_type": "text", "contest_mode": false, "selftext_html": null, "likes": null, "suggested_sort": null, "banned_at_utc": null, "view_count": null, "archived": false, "no_follow": true, "is_crosspostable": false, "pinned": false, "over_18": false, "media_only": false, "link_flair_template_id": null, "can_gild": false, "spoiler": false, "locked": false, "author_flair_text": null, "visited": false, "num_reports": null, "distinguished": null, "subreddit_id": "t5_2fwo", "mod_reason_by": null, "removal_reason": null, "link_flair_background_color": "", "id": "9v8djd", "is_robot_indexable": true, "report_reasons": null, "author": "c00kie17", "num_crossposts": 0, "num_comments": 1, "send_replies": true, "whitelist_status": "all_ads", "mod_reports": [], "author_patreon_flair": false, "crosspost_parent": "t3_9uogd8", "author_flair_text_color": null, "permalink": "/r/programming/comments/9v8djd/hi_i_created_a_python_cli_script_to_convert_any/", "parent_whitelist_status": "all_ads", "stickied": false, "url": "https://github.com/c00kie17/pixilate", "subreddit_subscribers": 1359080, "created_utc": 1541666412.0, "media": null, "is_video": false}}, {"kind": "t3", "data": {"approved_at_utc": null, "subreddit": "programming", "selftext": "", "author_fullname": "t2_3bhyn", "saved": false, "mod_reason_title": null, "gilded": 0, "clicked": false, "title": "Object detection in 4K and 8K video using GPUs", "link_flair_richtext": [], "subreddit_name_prefixed": "r/programming", "hidden": false, "pwls": 6, "link_flair_css_class": null, "downs": 0, "parent_whitelist_status": "all_ads", "hide_score": false, "name": "t3_9v0xmx", "quarantine": false, "link_flair_text_color": "dark", "author_flair_background_color": null, "subreddit_type": "public", "ups": 33, "domain": "techxplore.com", "media_embed": {}, "author_flair_template_id": null, "is_original_content": false, "user_reports": [], "secure_media": null, "is_reddit_media_domain": false, "is_meta": false, "category": null, "secure_media_embed": {}, "link_flair_text": null, "can_mod_post": false, "score": 33, "approved_by": null, "thumbnail": "", "edited": false, "author_flair_css_class": null, "author_flair_richtext": [], "gildings": {"gid_1": 0, "gid_2": 0, "gid_3": 0}, "content_categories": null, "is_self": false, "mod_note": null, "created": 1541637307.0, "link_flair_type": "text", "wls": 6, "banned_by": null, "author_flair_type": "text", "contest_mode": false, "selftext_html": null, "likes": null, "suggested_sort": null, "banned_at_utc": null, "view_count": null, "archived": false, "no_follow": false, "is_crosspostable": false, "pinned": false, "over_18": false, "media_only": false, "link_flair_template_id": null, "can_gild": false, "spoiler": false, "locked": false, "author_flair_text": null, "visited": false, "num_reports": null, "distinguished": null, "subreddit_id": "t5_2fwo", "mod_reason_by": null, "removal_reason": null, "link_flair_background_color": "", "id": "9v0xmx", "is_robot_indexable": true, "report_reasons": null, "author": "magenta_placenta", "num_crossposts": 0, "num_comments": 1, "send_replies": true, "mod_reports": [], "author_patreon_flair": false, "author_flair_text_color": null, "permalink": "/r/programming/comments/9v0xmx/object_detection_in_4k_and_8k_video_using_gpus/", "whitelist_status": "all_ads", "stickied": false, "url": "https://techxplore.com/news/2018-11-4k-8k-video-gpus.html", "subreddit_subscribers": 1359080, "created_utc": 1541608507.0, "media": null, "is_video": false}}, {"kind": "t3", "data": {"approved_at_utc": null, "subreddit": "programming", "selftext": "", "author_fullname": "t2_39zck", "saved": false, "mod_reason_title": null, "gilded": 0, "clicked": false, "title": "To infinity and beyond [Computerphile]", "link_flair_richtext": [], "subreddit_name_prefixed": "r/programming", "hidden": false, "pwls": 6, "link_flair_css_class": null, "downs": 0, "parent_whitelist_status": "all_ads", "hide_score": false, "name": "t3_9uxqsx", "quarantine": false, "link_flair_text_color": "dark", "author_flair_background_color": null, "subreddit_type": "public", "ups": 135, "domain": "youtu.be", "media_embed": {"content": "&lt;iframe width=\"600\" height=\"338\" src=\"https://www.youtube.com/embed/bnRNiE_OVWA?feature=oembed&amp;enablejsapi=1\" frameborder=\"0\" allow=\"accelerometer; autoplay; encrypted-media; gyroscope; picture-in-picture\" allowfullscreen&gt;&lt;/iframe&gt;", "width": 600, "scrolling": false, "height": 338}, "author_flair_template_id": null, "is_original_content": false, "user_reports": [], "secure_media": {"type": "youtube.com", "oembed": {"provider_url": "https://www.youtube.com/", "title": "To Infinity &amp; Beyond - Computerphile", "html": "&lt;iframe width=\"600\" height=\"338\" src=\"https://www.youtube.com/embed/bnRNiE_OVWA?feature=oembed&amp;enablejsapi=1\" frameborder=\"0\" allow=\"accelerometer; autoplay; encrypted-media; gyroscope; picture-in-picture\" allowfullscreen&gt;&lt;/iframe&gt;", "thumbnail_width": 480, "height": 338, "width": 600, "version": "1.0", "author_name": "Computerphile", "thumbnail_height": 360, "thumbnail_url": "https://i.ytimg.com/vi/bnRNiE_OVWA/hqdefault.jpg", "type": "video", "provider_name": "YouTube", "author_url": "https://www.youtube.com/user/Computerphile"}}, "is_reddit_media_domain": false, "is_meta": false, "category": null, "secure_media_embed": {"content": "&lt;iframe width=\"600\" height=\"338\" src=\"https://www.youtube.com/embed/bnRNiE_OVWA?feature=oembed&amp;enablejsapi=1\" frameborder=\"0\" allow=\"accelerometer; autoplay; encrypted-media; gyroscope; picture-in-picture\" allowfullscreen&gt;&lt;/iframe&gt;", "width": 600, "scrolling": false, "media_domain_url": "https://www.redditmedia.com/mediaembed/9uxqsx", "height": 338}, "link_flair_text": null, "can_mod_post": false, "score": 135, "approved_by": null, "thumbnail": "", "edited": false, "author_flair_css_class": null, "author_flair_richtext": [], "gildings": {"gid_1": 0, "gid_2": 0, "gid_3": 0}, "content_categories": null, "is_self": false, "mod_note": null, "created": 1541608571.0, "link_flair_type": "text", "wls": 6, "banned_by": null, "author_flair_type": "text", "contest_mode": false, "selftext_html": null, "likes": null, "suggested_sort": null, "banned_at_utc": null, "view_count": null, "archived": false, "no_follow": false, "is_crosspostable": false, "pinned": false, "over_18": false, "media_only": false, "link_flair_template_id": null, "can_gild": false, "spoiler": false, "locked": false, "author_flair_text": null, "visited": false, "num_reports": null, "distinguished": null, "subreddit_id": "t5_2fwo", "mod_reason_by": null, "removal_reason": null, "link_flair_background_color": "", "id": "9uxqsx", "is_robot_indexable": true, "report_reasons": null, "author": "grahamhutton", "num_crossposts": 0, "num_comments": 27, "send_replies": true, "mod_reports": [], "author_patreon_flair": false, "author_flair_text_color": null, "permalink": "/r/programming/comments/9uxqsx/to_infinity_and_beyond_computerphile/", "whitelist_status": "all_ads", "stickied": false, "url": "https://youtu.be/bnRNiE_OVWA", "subreddit_subscribers": 1359080, "created_utc": 1541579771.0, "media": {"type": "youtube.com", "oembed": {"provider_url": "https://www.youtube.com/", "title": "To Infinity &amp; Beyond - Computerphile", "html": "&lt;iframe width=\"600\" height=\"338\" src=\"https://www.youtube.com/embed/bnRNiE_OVWA?feature=oembed&amp;enablejsapi=1\" frameborder=\"0\" allow=\"accelerometer; autoplay; encrypted-media; gyroscope; picture-in-picture\" allowfullscreen&gt;&lt;/iframe&gt;", "thumbnail_width": 480, "height": 338, "width": 600, "version": "1.0", "author_name": "Computerphile", "thumbnail_height": 360, "thumbnail_url": "https://i.ytimg.com/vi/bnRNiE_OVWA/hqdefault.jpg", "type": "video", "provider_name": "YouTube", "author_url": "https://www.youtube.com/user/Computerphile"}}, "is_video": false}}, {"kind": "t3", "data": {"approved_at_utc": null, "subreddit": "programming", "selftext": "", "author_fullname": "t2_d35o28", "saved": false, "mod_reason_title": null, "gilded": 0, "clicked": false, "title": "[Do you know] - You can run SQL like queries in Google Sheets for crunching the data - Lot of my time is saved today", "link_flair_richtext": [], "subreddit_name_prefixed": "r/programming", "hidden": false, "pwls": 6, "link_flair_css_class": null, "downs": 0, "parent_whitelist_status": "all_ads", "hide_score": false, "name": "t3_9upk5f", "quarantine": false, "link_flair_text_color": "dark", "author_flair_background_color": null, "subreddit_type": "public", "ups": 2765, "domain": "benlcollins.com", "media_embed": {}, "author_flair_template_id": null, "is_original_content": false, "user_reports": [], "secure_media": null, "is_reddit_media_domain": false, "is_meta": false, "category": null, "secure_media_embed": {}, "link_flair_text": null, "can_mod_post": false, "score": 2765, "approved_by": null, "thumbnail": "", "edited": false, "author_flair_css_class": null, "author_flair_richtext": [], "gildings": {"gid_1": 0, "gid_2": 0, "gid_3": 0}, "content_categories": null, "is_self": false, "mod_note": null, "created": 1541548975.0, "link_flair_type": "text", "wls": 6, "banned_by": null, "author_flair_type": "text", "contest_mode": false, "selftext_html": null, "likes": null, "suggested_sort": null, "banned_at_utc": null, "view_count": null, "archived": false, "no_follow": false, "is_crosspostable": false, "pinned": false, "over_18": false, "media_only": false, "link_flair_template_id": null, "can_gild": false, "spoiler": false, "locked": false, "author_flair_text": null, "visited": false, "num_reports": null, "distinguished": null, "subreddit_id": "t5_2fwo", "mod_reason_by": null, "removal_reason": null, "link_flair_background_color": "", "id": "9upk5f", "is_robot_indexable": true, "report_reasons": null, "author": "kunalag129", "num_crossposts": 1, "num_comments": 206, "send_replies": true, "mod_reports": [], "author_patreon_flair": false, "author_flair_text_color": null, "permalink": "/r/programming/comments/9upk5f/do_you_know_you_can_run_sql_like_queries_in/", "whitelist_status": "all_ads", "stickied": false, "url": "https://www.benlcollins.com/spreadsheets/google-sheets-query-sql/", "subreddit_subscribers": 1359080, "created_utc": 1541520175.0, "media": null, "is_video": false}}, {"kind": "t3", "data": {"approved_at_utc": null, "subreddit": "programming", "selftext": "", "author_fullname": "t2_f9vxe", "saved": false, "mod_reason_title": null, "gilded": 0, "clicked": false, "title": "Android Studio is coming to Chromebooks next year", "link_flair_richtext": [], "subreddit_name_prefixed": "r/programming", "hidden": false, "pwls": 6, "link_flair_css_class": null, "downs": 0, "parent_whitelist_status": "all_ads", "hide_score": false, "name": "t3_9v1vu3", "quarantine": false, "link_flair_text_color": "dark", "author_flair_background_color": null, "subreddit_type": "public", "ups": 21, "domain": "xda-developers.com", "media_embed": {}, "author_flair_template_id": null, "is_original_content": false, "user_reports": [], "secure_media": null, "is_reddit_media_domain": false, "is_meta": false, "category": null, "secure_media_embed": {}, "link_flair_text": null, "can_mod_post": false, "score": 21, "approved_by": null, "thumbnail": "", "edited": false, "author_flair_css_class": null, "author_flair_richtext": [], "gildings": {"gid_1": 0, "gid_2": 0, "gid_3": 0}, "content_categories": null, "is_self": false, "mod_note": null, "created": 1541643745.0, "link_flair_type": "text", "wls": 6, "banned_by": null, "author_flair_type": "text", "contest_mode": false, "selftext_html": null, "likes": null, "suggested_sort": null, "banned_at_utc": null, "view_count": null, "archived": false, "no_follow": false, "is_crosspostable": false, "pinned": false, "over_18": false, "media_only": false, "link_flair_template_id": null, "can_gild": false, "spoiler": false, "locked": false, "author_flair_text": null, "visited": false, "num_reports": null, "distinguished": null, "subreddit_id": "t5_2fwo", "mod_reason_by": null, "removal_reason": null, "link_flair_background_color": "", "id": "9v1vu3", "is_robot_indexable": true, "report_reasons": null, "author": "bilal4hmed", "num_crossposts": 0, "num_comments": 19, "send_replies": true, "mod_reports": [], "author_patreon_flair": false, "author_flair_text_color": null, "permalink": "/r/programming/comments/9v1vu3/android_studio_is_coming_to_chromebooks_next_year/", "whitelist_status": "all_ads", "stickied": false, "url": "https://www.xda-developers.com/android-studio-chromebooks-chrome-os/", "subreddit_subscribers": 1359080, "created_utc": 1541614945.0, "media": null, "is_video": false}}, {"kind": "t3", "data": {"approved_at_utc": null, "subreddit": "programming", "selftext": "", "author_fullname": "t2_7ogw5", "saved": false, "mod_reason_title": null, "gilded": 0, "clicked": false, "title": "Teaching Functional Programming: Two Big Picture Approaches - DEV Community \ud83d\udc69\u200d\ud83d\udcbb\ud83d\udc68\u200d\ud83d\udcbb", "link_flair_richtext": [], "subreddit_name_prefixed": "r/programming", "hidden": false, "pwls": 6, "link_flair_css_class": null, "downs": 0, "parent_whitelist_status": "all_ads", "hide_score": false, "name": "t3_9v450s", "quarantine": false, "link_flair_text_color": "dark", "author_flair_background_color": null, "subreddit_type": "public", "ups": 9, "domain": "dev.to", "media_embed": {}, "author_flair_template_id": null, "is_original_content": false, "user_reports": [], "secure_media": null, "is_reddit_media_domain": false, "is_meta": false, "category": null, "secure_media_embed": {}, "link_flair_text": null, "can_mod_post": false, "score": 9, "approved_by": null, "thumbnail": "", "edited": false, "author_flair_css_class": null, "author_flair_richtext": [], "gildings": {"gid_1": 0, "gid_2": 0, "gid_3": 0}, "content_categories": null, "is_self": false, "mod_note": null, "created": 1541658588.0, "link_flair_type": "text", "wls": 6, "banned_by": null, "author_flair_type": "text", "contest_mode": false, "selftext_html": null, "likes": null, "suggested_sort": null, "banned_at_utc": null, "view_count": null, "archived": false, "no_follow": false, "is_crosspostable": false, "pinned": false, "over_18": false, "media_only": false, "link_flair_template_id": null, "can_gild": false, "spoiler": false, "locked": false, "author_flair_text": null, "visited": false, "num_reports": null, "distinguished": null, "subreddit_id": "t5_2fwo", "mod_reason_by": null, "removal_reason": null, "link_flair_background_color": "", "id": "9v450s", "is_robot_indexable": true, "report_reasons": null, "author": "pmz", "num_crossposts": 0, "num_comments": 3, "send_replies": true, "mod_reports": [], "author_patreon_flair": false, "author_flair_text_color": null, "permalink": "/r/programming/comments/9v450s/teaching_functional_programming_two_big_picture/", "whitelist_status": "all_ads", "stickied": false, "url": "https://dev.to/eddroid/teaching-functional-programming-two-big-picture-approaches-3nli", "subreddit_subscribers": 1359080, "created_utc": 1541629788.0, "media": null, "is_video": false}}, {"kind": "t3", "data": {"approved_at_utc": null, "subreddit": "programming", "selftext": "", "author_fullname": "t2_1c5pc", "saved": false, "mod_reason_title": null, "gilded": 0, "clicked": false, "title": "Ned Batchelder: Toxic experts", "link_flair_richtext": [], "subreddit_name_prefixed": "r/programming", "hidden": false, "pwls": 6, "link_flair_css_class": null, "downs": 0, "parent_whitelist_status": "all_ads", "hide_score": false, "name": "t3_9v5ffk", "quarantine": false, "link_flair_text_color": "dark", "author_flair_background_color": null, "subreddit_type": "public", "ups": 5, "domain": "nedbatchelder.com", "media_embed": {}, "author_flair_template_id": null, "is_original_content": false, "user_reports": [], "secure_media": null, "is_reddit_media_domain": false, "is_meta": false, "category": null, "secure_media_embed": {}, "link_flair_text": null, "can_mod_post": false, "score": 5, "approved_by": null, "thumbnail": "", "edited": false, "author_flair_css_class": null, "author_flair_richtext": [], "gildings": {"gid_1": 0, "gid_2": 0, "gid_3": 0}, "content_categories": null, "is_self": false, "mod_note": null, "created": 1541667998.0, "link_flair_type": "text", "wls": 6, "banned_by": null, "author_flair_type": "text", "contest_mode": false, "selftext_html": null, "likes": null, "suggested_sort": null, "banned_at_utc": null, "view_count": null, "archived": false, "no_follow": false, "is_crosspostable": false, "pinned": false, "over_18": false, "media_only": false, "link_flair_template_id": null, "can_gild": false, "spoiler": false, "locked": false, "author_flair_text": null, "visited": false, "num_reports": null, "distinguished": null, "subreddit_id": "t5_2fwo", "mod_reason_by": null, "removal_reason": null, "link_flair_background_color": "", "id": "9v5ffk", "is_robot_indexable": true, "report_reasons": null, "author": "davidk01", "num_crossposts": 0, "num_comments": 7, "send_replies": true, "mod_reports": [], "author_patreon_flair": false, "author_flair_text_color": null, "permalink": "/r/programming/comments/9v5ffk/ned_batchelder_toxic_experts/", "whitelist_status": "all_ads", "stickied": false, "url": "https://nedbatchelder.com/blog/201711/toxic_experts.html", "subreddit_subscribers": 1359080, "created_utc": 1541639198.0, "media": null, "is_video": false}}, {"kind": "t3", "data": {"approved_at_utc": null, "subreddit": "programming", "selftext": "", "author_fullname": "t2_77bue", "saved": false, "mod_reason_title": null, "gilded": 0, "clicked": false, "title": "GitHub Blog - Introducing BERT and BERT-RPC (2009)", "link_flair_richtext": [], "subreddit_name_prefixed": "r/programming", "hidden": false, "pwls": 6, "link_flair_css_class": null, "downs": 0, "parent_whitelist_status": "all_ads", "hide_score": false, "name": "t3_9v70h4", "quarantine": false, "link_flair_text_color": "dark", "author_flair_background_color": null, "subreddit_type": "public", "ups": 2, "domain": "blog.github.com", "media_embed": {}, "author_flair_template_id": null, "is_original_content": false, "user_reports": [], "secure_media": null, "is_reddit_media_domain": false, "is_meta": false, "category": null, "secure_media_embed": {}, "link_flair_text": null, "can_mod_post": false, "score": 2, "approved_by": null, "thumbnail": "", "edited": false, "author_flair_css_class": null, "author_flair_richtext": [], "gildings": {"gid_1": 0, "gid_2": 0, "gid_3": 0}, "content_categories": null, "is_self": false, "mod_note": null, "created": 1541680828.0, "link_flair_type": "text", "wls": 6, "banned_by": null, "author_flair_type": "text", "contest_mode": false, "selftext_html": null, "likes": null, "suggested_sort": null, "banned_at_utc": null, "view_count": null, "archived": false, "no_follow": false, "is_crosspostable": false, "pinned": false, "over_18": false, "media_only": false, "link_flair_template_id": null, "can_gild": false, "spoiler": false, "locked": false, "author_flair_text": null, "visited": false, "num_reports": null, "distinguished": null, "subreddit_id": "t5_2fwo", "mod_reason_by": null, "removal_reason": null, "link_flair_background_color": "", "id": "9v70h4", "is_robot_indexable": true, "report_reasons": null, "author": "yawaramin", "num_crossposts": 0, "num_comments": 3, "send_replies": true, "mod_reports": [], "author_patreon_flair": false, "author_flair_text_color": null, "permalink": "/r/programming/comments/9v70h4/github_blog_introducing_bert_and_bertrpc_2009/", "whitelist_status": "all_ads", "stickied": false, "url": "https://blog.github.com/2009-10-20-introducing-bert-and-bert-rpc/", "subreddit_subscribers": 1359080, "created_utc": 1541652028.0, "media": null, "is_video": false}}, {"kind": "t3", "data": {"approved_at_utc": null, "subreddit": "programming", "selftext": "", "author_fullname": "t2_nju89", "saved": false, "mod_reason_title": null, "gilded": 0, "clicked": false, "title": "Common Misconceptions of C++", "link_flair_richtext": [], "subreddit_name_prefixed": "r/programming", "hidden": false, "pwls": 6, "link_flair_css_class": null, "downs": 0, "parent_whitelist_status": "all_ads", "hide_score": false, "name": "t3_9v0uz8", "quarantine": false, "link_flair_text_color": "dark", "author_flair_background_color": null, "subreddit_type": "public", "ups": 14, "domain": "hackernoon.com", "media_embed": {}, "author_flair_template_id": null, "is_original_content": false, "user_reports": [], "secure_media": null, "is_reddit_media_domain": false, "is_meta": false, "category": null, "secure_media_embed": {}, "link_flair_text": null, "can_mod_post": false, "score": 14, "approved_by": null, "thumbnail": "", "edited": false, "author_flair_css_class": null, "author_flair_richtext": [], "gildings": {"gid_1": 0, "gid_2": 0, "gid_3": 0}, "content_categories": null, "is_self": false, "mod_note": null, "created": 1541636794.0, "link_flair_type": "text", "wls": 6, "banned_by": null, "author_flair_type": "text", "contest_mode": false, "selftext_html": null, "likes": null, "suggested_sort": null, "banned_at_utc": null, "view_count": null, "archived": false, "no_follow": false, "is_crosspostable": false, "pinned": false, "over_18": false, "media_only": false, "link_flair_template_id": null, "can_gild": false, "spoiler": false, "locked": false, "author_flair_text": null, "visited": false, "num_reports": null, "distinguished": null, "subreddit_id": "t5_2fwo", "mod_reason_by": null, "removal_reason": null, "link_flair_background_color": "", "id": "9v0uz8", "is_robot_indexable": true, "report_reasons": null, "author": "jcelerier", "num_crossposts": 0, "num_comments": 52, "send_replies": true, "mod_reports": [], "author_patreon_flair": false, "author_flair_text_color": null, "permalink": "/r/programming/comments/9v0uz8/common_misconceptions_of_c/", "whitelist_status": "all_ads", "stickied": false, "url": "https://hackernoon.com/common-misconceptions-of-c-4f49f36b92a", "subreddit_subscribers": 1359080, "created_utc": 1541607994.0, "media": null, "is_video": false}}, {"kind": "t3", "data": {"approved_at_utc": null, "subreddit": "programming", "selftext": "", "author_fullname": "t2_c9xrbm0", "saved": false, "mod_reason_title": null, "gilded": 0, "clicked": false, "title": "'Twelve circles' - KTBYTE Projects", "link_flair_richtext": [], "subreddit_name_prefixed": "r/programming", "hidden": false, "pwls": 6, "link_flair_css_class": null, "downs": 0, "parent_whitelist_status": "all_ads", "hide_score": false, "name": "t3_9v55at", "quarantine": false, "link_flair_text_color": "dark", "author_flair_background_color": null, "subreddit_type": "public", "ups": 2, "domain": "ktbyte.com", "media_embed": {}, "author_flair_template_id": null, "is_original_content": false, "user_reports": [], "secure_media": null, "is_reddit_media_domain": false, "is_meta": false, "category": null, "secure_media_embed": {}, "link_flair_text": null, "can_mod_post": false, "score": 2, "approved_by": null, "thumbnail": "", "edited": false, "author_flair_css_class": null, "author_flair_richtext": [], "gildings": {"gid_1": 0, "gid_2": 0, "gid_3": 0}, "content_categories": null, "is_self": false, "mod_note": null, "created": 1541665891.0, "link_flair_type": "text", "wls": 6, "banned_by": null, "author_flair_type": "text", "contest_mode": false, "selftext_html": null, "likes": null, "suggested_sort": null, "banned_at_utc": null, "view_count": null, "archived": false, "no_follow": false, "is_crosspostable": false, "pinned": false, "over_18": false, "media_only": false, "link_flair_template_id": null, "can_gild": false, "spoiler": false, "locked": false, "author_flair_text": null, "visited": false, "num_reports": null, "distinguished": null, "subreddit_id": "t5_2fwo", "mod_reason_by": null, "removal_reason": null, "link_flair_background_color": "", "id": "9v55at", "is_robot_indexable": true, "report_reasons": null, "author": "RomanJose", "num_crossposts": 0, "num_comments": 0, "send_replies": true, "mod_reports": [], "author_patreon_flair": false, "author_flair_text_color": null, "permalink": "/r/programming/comments/9v55at/twelve_circles_ktbyte_projects/", "whitelist_status": "all_ads", "stickied": false, "url": "https://www.ktbyte.com/projects/project/109401/twelve-circles?ref=20181107programming", "subreddit_subscribers": 1359080, "created_utc": 1541637091.0, "media": null, "is_video": false}}, {"kind": "t3", "data": {"approved_at_utc": null, "subreddit": "programming", "selftext": "", "author_fullname": "t2_a9fkn", "saved": false, "mod_reason_title": null, "gilded": 0, "clicked": false, "title": "274 level stack trace from using Finagle RPC framework", "link_flair_richtext": [], "subreddit_name_prefixed": "r/programming", "hidden": false, "pwls": 6, "link_flair_css_class": null, "downs": 0, "parent_whitelist_status": "all_ads", "hide_score": false, "name": "t3_9v7l3d", "quarantine": false, "link_flair_text_color": "dark", "author_flair_background_color": null, "subreddit_type": "public", "ups": 0, "domain": "twitter.com", "media_embed": {}, "author_flair_template_id": null, "is_original_content": false, "user_reports": [], "secure_media": null, "is_reddit_media_domain": false, "is_meta": false, "category": null, "secure_media_embed": {}, "link_flair_text": null, "can_mod_post": false, "score": 0, "approved_by": null, "thumbnail": "", "edited": false, "author_flair_css_class": null, "author_flair_richtext": [], "gildings": {"gid_1": 0, "gid_2": 0, "gid_3": 0}, "content_categories": null, "is_self": false, "mod_note": null, "created": 1541686352.0, "link_flair_type": "text", "wls": 6, "banned_by": null, "author_flair_type": "text", "contest_mode": false, "selftext_html": null, "likes": null, "suggested_sort": null, "banned_at_utc": null, "view_count": null, "archived": false, "no_follow": true, "is_crosspostable": false, "pinned": false, "over_18": false, "media_only": false, "link_flair_template_id": null, "can_gild": false, "spoiler": false, "locked": false, "author_flair_text": null, "visited": false, "num_reports": null, "distinguished": null, "subreddit_id": "t5_2fwo", "mod_reason_by": null, "removal_reason": null, "link_flair_background_color": "", "id": "9v7l3d", "is_robot_indexable": true, "report_reasons": null, "author": "FiscalSkydiver", "num_crossposts": 0, "num_comments": 2, "send_replies": false, "mod_reports": [], "author_patreon_flair": false, "author_flair_text_color": null, "permalink": "/r/programming/comments/9v7l3d/274_level_stack_trace_from_using_finagle_rpc/", "whitelist_status": "all_ads", "stickied": false, "url": "https://twitter.com/jpbempel/status/1059761824722169856", "subreddit_subscribers": 1359080, "created_utc": 1541657552.0, "media": null, "is_video": false}}, {"kind": "t3", "data": {"approved_at_utc": null, "subreddit": "programming", "selftext": "", "author_fullname": "t2_vfgwu", "saved": false, "mod_reason_title": null, "gilded": 0, "clicked": false, "title": "inKino v2.0 \u2013 An open source movie app with code sharing between Flutter and the Web", "link_flair_richtext": [], "subreddit_name_prefixed": "r/programming", "hidden": false, "pwls": 6, "link_flair_css_class": null, "downs": 0, "parent_whitelist_status": "all_ads", "hide_score": false, "name": "t3_9v14og", "quarantine": false, "link_flair_text_color": "dark", "author_flair_background_color": null, "subreddit_type": "public", "ups": 10, "domain": "github.com", "media_embed": {}, "author_flair_template_id": null, "is_original_content": false, "user_reports": [], "secure_media": null, "is_reddit_media_domain": false, "is_meta": false, "category": null, "secure_media_embed": {}, "link_flair_text": null, "can_mod_post": false, "score": 10, "approved_by": null, "thumbnail": "", "edited": false, "author_flair_css_class": null, "author_flair_richtext": [], "gildings": {"gid_1": 0, "gid_2": 0, "gid_3": 0}, "content_categories": null, "is_self": false, "mod_note": null, "created": 1541638668.0, "link_flair_type": "text", "wls": 6, "banned_by": null, "author_flair_type": "text", "contest_mode": false, "selftext_html": null, "likes": null, "suggested_sort": null, "banned_at_utc": null, "view_count": null, "archived": false, "no_follow": false, "is_crosspostable": false, "pinned": false, "over_18": false, "media_only": false, "link_flair_template_id": null, "can_gild": false, "spoiler": false, "locked": false, "author_flair_text": null, "visited": false, "num_reports": null, "distinguished": null, "subreddit_id": "t5_2fwo", "mod_reason_by": null, "removal_reason": null, "link_flair_background_color": "", "id": "9v14og", "is_robot_indexable": true, "report_reasons": null, "author": "roughike", "num_crossposts": 0, "num_comments": 6, "send_replies": true, "mod_reports": [], "author_patreon_flair": false, "author_flair_text_color": null, "permalink": "/r/programming/comments/9v14og/inkino_v20_an_open_source_movie_app_with_code/", "whitelist_status": "all_ads", "stickied": false, "url": "https://github.com/roughike/inKino", "subreddit_subscribers": 1359080, "created_utc": 1541609868.0, "media": null, "is_video": false}}, {"kind": "t3", "data": {"approved_at_utc": null, "subreddit": "programming", "selftext": "", "author_fullname": "t2_1n7cq9be", "saved": false, "mod_reason_title": null, "gilded": 0, "clicked": false, "title": "GraphQL is not OData", "link_flair_richtext": [], "subreddit_name_prefixed": "r/programming", "hidden": false, "pwls": 6, "link_flair_css_class": null, "downs": 0, "parent_whitelist_status": "all_ads", "hide_score": false, "name": "t3_9uzgb7", "quarantine": false, "link_flair_text_color": "dark", "author_flair_background_color": null, "subreddit_type": "public", "ups": 16, "domain": "jeffhandley.com", "media_embed": {}, "author_flair_template_id": null, "is_original_content": false, "user_reports": [], "secure_media": null, "is_reddit_media_domain": false, "is_meta": false, "category": null, "secure_media_embed": {}, "link_flair_text": null, "can_mod_post": false, "score": 16, "approved_by": null, "thumbnail": "", "edited": false, "author_flair_css_class": null, "author_flair_richtext": [], "gildings": {"gid_1": 0, "gid_2": 0, "gid_3": 0}, "content_categories": null, "is_self": false, "mod_note": null, "created": 1541626464.0, "link_flair_type": "text", "wls": 6, "banned_by": null, "author_flair_type": "text", "contest_mode": false, "selftext_html": null, "likes": null, "suggested_sort": null, "banned_at_utc": null, "view_count": null, "archived": false, "no_follow": false, "is_crosspostable": false, "pinned": false, "over_18": false, "media_only": false, "link_flair_template_id": null, "can_gild": false, "spoiler": false, "locked": false, "author_flair_text": null, "visited": false, "num_reports": null, "distinguished": null, "subreddit_id": "t5_2fwo", "mod_reason_by": null, "removal_reason": null, "link_flair_background_color": "", "id": "9uzgb7", "is_robot_indexable": true, "report_reasons": null, "author": "archivedsofa", "num_crossposts": 0, "num_comments": 20, "send_replies": true, "mod_reports": [], "author_patreon_flair": false, "author_flair_text_color": null, "permalink": "/r/programming/comments/9uzgb7/graphql_is_not_odata/", "whitelist_status": "all_ads", "stickied": false, "url": "https://jeffhandley.com/2018-09-13/graphql-is-not-odata", "subreddit_subscribers": 1359080, "created_utc": 1541597664.0, "media": null, "is_video": false}}], "after": "t3_9uzgb7", "before": null}}